服务中心名称,省份,销售地址,销售热线,链接,
天津新兴快马汽车销售有限公司,天津,天津市西青区西青道309号,022-58603330/58603331,http://dealer.autohome.com.cn/119881,
天津新兴快马汽车销售有限公司滨海新区津歧路分公司,天津,天津市滨海新区大港津歧公路工农村西侧,022-63205416,http://dealer.autohome.com.cn/2005343,
石家庄联飞汽车贸易有限公司,河北,河北省石家庄市新华区北二环西路127号,0311-89296300,http://dealer.autohome.com.cn/63284,
石家庄市中盛汽车贸易服务中心,河北,石家庄新华路与翠柏大街交口路南,0311-82016808,http://dealer.autohome.com.cn/2027891,
保定市盛福宇威汽车贸易有限公司,河北,保定市长城南大街1485号（世纪汽车城院内）,0312-5939300,http://dealer.autohome.com.cn/10722,
高碑店市安杰汽车贸易有限公司,河北,河北省保定市高碑店市车辆管理所西侧,0312-6400022,http://dealer.autohome.com.cn/2005062,
邢台瑞鹏汽车服务有限公司,河北,河北省邢台市郭守敬大道三合庄村口,0319-5715222,http://dealer.autohome.com.cn/2018995,
三河市庆长风汽车销售服务有限公司,河北,河北省廊坊市三河市西外环路,0316-3136111,http://dealer.autohome.com.cn/86390,
北京通长风汽车销售服务有限公司,北京,北京市通州区永顺镇富河大街315号,010-60596578,http://dealer.autohome.com.cn/84283,
北京金长风贸易有限公司,北京,北京市海淀区五道口新村4号,010-82333535,http://dealer.autohome.com.cn/77556,
北京庆长风商贸有限公司香河分公司,河北,河北省廊坊市香河县钱旺乡义井村南,0316-8672888,http://dealer.autohome.com.cn/2003602,
北京燕长风商贸有限公司,北京,北京市平谷区东高村镇南埝头西路76号,010-69952595,http://dealer.autohome.com.cn/125042,
中国长安汽车集团天津销售有限公司河西分公司,天津,天津市河西区解放南路613号环渤海汽车城三期五号,022-28439880,http://dealer.autohome.com.cn/2005382,
天津市宝坻区国力商贸有限公司,天津,天津市宝坻区钰华街120号,022-82660588,http://dealer.autohome.com.cn/2016821,
天津嘉渝汽车销售服务有限公司,天津,天津市武清区下朱庄街京津公路东侧101号,022-29310003,http://dealer.autohome.com.cn/2016914,
天津庆长风商贸有限公司,天津,天津市北辰区普济河东道1号院内 ,022-86316762,http://dealer.autohome.com.cn/12096,
唐山庞大广昊汽车销售服务有限公司,河北,河北省唐山市路南区吉祥新路南侧,0315-2960721,http://dealer.autohome.com.cn/10721,
青县富达汽车贸易有限责任公司,河北,河北省沧州市青县城南104国道西昌盛饭店对面,0317-4222222,http://dealer.autohome.com.cn/2025510,
沧州市裕达汽车销售有限公司,河北,河北省沧州市开发区八里屯村西307国道南,0317-3060008,http://dealer.autohome.com.cn/68874,
河北安达汽车贸易有限公司,河北,河北省石家庄市北二环东路86号,0311―85665006,http://dealer.autohome.com.cn/2028803,
平山庆长风商贸有限公司,河北,河北省石家庄市平山县平山镇钢城路红十字救援中心北侧300米钢城路西侧,0311-82838283,http://dealer.autohome.com.cn/2028276,
行唐县庆长风商贸有限公司,河北,河北省石家庄市行唐县西塔子庄村北,0311-85429999,http://dealer.autohome.com.cn/2028869,
邯郸市悦丰汽车销售服务有限公司,河北,河北省邯郸市丛台区北环路北立交桥东,0310-7051000,http://dealer.autohome.com.cn/68780,
邯郸市鹏安汽车贸易有限公司,河北,河北省邯郸市南环路与西环路交叉口东行200米路南,0310-5500550,http://dealer.autohome.com.cn/2021500,
保定龙云瑞晟汽车销售有限公司,河北,河北省保定市北市区西百楼村东三环与复兴路交叉口北行1500米,0312-5921818,http://dealer.autohome.com.cn/2021378,
秦皇岛龙云瑞晟汽车销售有限公司,河北,河北省秦皇岛经济技术开发区秦皇西大街293号,0335-5285555,http://dealer.autohome.com.cn/2028071,
涿州市广源汽车销售有限公司,河北,河北省保定市涿州市城西北街6号,0312-3630088,http://dealer.autohome.com.cn/83260,
河间市博祥永业汽车销售服务有限公司,河北,河北省沧州市河间市西环西关北村,0317-8113899,http://dealer.autohome.com.cn/2023382,
沧州市和昌汽车销售服务有限公司,河北,河北省沧州市新华区解放东路95号县烟草对过,0317-5204400,http://dealer.autohome.com.cn/2028278,
唐山荣川实业集团有限公司,河北,河北省唐山市机场路立交桥北侧荣川汽车园区,0315－5515558,http://dealer.autohome.com.cn/67400,
衡水安通汽车贸易有限公司,河北,河北省衡水市昌明大街581号车管所斜对面,0318-2086299,http://dealer.autohome.com.cn/68781,
固安县博兴汽车销售有限公司,河北,河北省廊坊市固安县柳泉镇金海汽车交易市场,0316-8937988,http://dealer.autohome.com.cn/2020127,
张家口市五洲重型汽车销售有限公司,河北,河北张家口市高新区玉宝墩白云路,0313-4087499,http://dealer.autohome.com.cn/64512,
衡水通力汽车销售服务有限公司,河北,河北省衡水市北外环与榕花大街交叉口东行500米路南,0318-6921999,http://dealer.autohome.com.cn/130065,
定州市瑞翔和盛汽车贸易有限公司,河北,河北省定州经济开发区银河大道西侧,0312-2355126,http://dealer.autohome.com.cn/2028575,
中国长安汽车集团天津销售有限公司,天津,天津市西青经济技术开发区高新技术产业园储华道18号,022-87979191,http://dealer.autohome.com.cn/74213,
天津新兴快马汽车销售有限公司滨海新区宝山道分公司,天津,天津市塘沽区丹江路128号,022-65559601,http://dealer.autohome.com.cn/2002941,
河北金益达汽车销售服务有限公司,河北,河北省石家庄市北二环东路86号,0311-85663177,http://dealer.autohome.com.cn/61403,
保定欧美亚汽车销售服务有限公司,河北,河北省保定市涞水县涞水镇北瓦宅村北,0312-4895222,http://dealer.autohome.com.cn/2027674,
唐山弘锐汽车销售服务有限公司,河北,河北省唐山市高新区郑庄子乡白寺口村西,0315-3162233,http://dealer.autohome.com.cn/80516,
滦县庞大胜惠汽车销售服务有限公司,河北,河北省唐山市滦县新城平大路1号,0315-7107225,http://dealer.autohome.com.cn/2028236,
邢台恒达汽车贸易有限公司,河北,河北省邢台市桥东区龙岗汽车园19号,0319-3909986,http://dealer.autohome.com.cn/69763,
任丘市博远昊轩汽车销售有限公司,河北,河北省沧州市任丘市106国道西任兴加油站北侧,0317-2362900,http://dealer.autohome.com.cn/123744,
张家口新兴快马汽车销售服务有限公司,河北,河北省张家口市高新区老鸦镇宁远堡村,0313-4080088,http://dealer.autohome.com.cn/2023385,
文安县佳昊永业汽车销售有限公司,河北,河北省廊坊市文安县近郊文静路南侧,0316-2786966,http://dealer.autohome.com.cn/2028277,
承德乾宇汽车贸易有限公司,河北,河北省承德市双桥区大石庙镇太平庄汽车城,0314-2122555,http://dealer.autohome.com.cn/2005074,
北京庆长风商贸有限公司,北京,北京市朝阳区小红门乡肖村南四环东路91号,010-51317588,http://dealer.autohome.com.cn/2037,
北京燕长风汽车销售服务有限公司,北京,北京市顺义区李桥镇顺通路李桥段26号,010-89444221,http://dealer.autohome.com.cn/2003599,
北京新兴快马汽车服务有限公司,北京,北京市海淀区四季青乡常润路15号平房,010-88436410,http://dealer.autohome.com.cn/8129,
北京新兴翔悦汽车销售服务有限公司,北京,北京市昌平区回龙观镇回龙观村北京欧德宝汽车交易市场A区21号,010-80749442,http://dealer.autohome.com.cn/60106,
北京新兴翔悦汽车销售服务有限公司房山分公司,北京,北京市房山区闫村镇炒米店村北北京周路南15米,010-80308868,http://dealer.autohome.com.cn/70773,
北京龙云瑞晟汽车有限公司,北京,北京市密云县十里堡镇十里堡村东100米,010-69075298,http://dealer.autohome.com.cn/2021463,
霸州市开发区赶良汽车销售有限公司,河北,河北省霸州市兴华北路东侧,0316-7289859  17736755020,http://dealer.autohome.com.cn/12637,
天津中津物发商贸有限公司静海分公司,天津,天津市静海县津德路91号,022-68907100,http://dealer.autohome.com.cn/2003356,
唐山广通汽车贸易有限公司,河北,河北省唐山市遵化市华明南路与南三环交叉口,0315－6837878,http://dealer.bitauto.com/100101424/index.html,
衡水瑞通汽车销售服务有限公司 ,河北,河北省衡水市开发区昌明大街666号2栋1-2层,0318-5115678,http://dealer.bitauto.com/100116878/index.html,
安平县嘉泰汽车贸易有限公司,河北,河北省衡水市安平县南外环五洲国际时代广场,0318-7875551,http://dealer.bitauto.com/100106524,
任丘市博雅佳浩汽车销售服务有限公司,河北,河北省任丘市经济开发区迎宾路东侧 ,0317-2281822,http://dealer.bitauto.com/100045929/index.html,
承德庞大安信汽车销售有限公司,河北,河北省承德市开发区太平庄二化南庞大汽车城,0314-2527827,http://dealer.bitauto.com/100057982/index.html,
邢台恒骏汽车贸易有限公司,河北,邢台市桥东区长信村北,0319-3217985,http://dealer.bitauto.com/100059615/index.html,
大城县煜昌达汽车销售服务有限公司,河北,河北省廊坊市大城县杏园村南侧（廊泊路）,0316-5637222,http://dealer.bitauto.com/100106808/index.html,
石家庄康途汽车贸易有限公司,河北,河北省石家庄市南二环东路16号,0311-86022788,http://dealer.bitauto.com/100053119/index.html,
保定市天信汽车贸易有限公司,河北,保定市南二环高保路口西行300米路南,0312-5930057,http://dealer.bitauto.com/100042165/index.html,
唐山荣川海源汽车销售服务有限公司,河北,河北省唐山市机场路立交桥南侧中石化加油站后院荣川汽车园南区,0315-5118128,http://dealer.bitauto.com/100034656/index.html,
沧州市富裕达汽车销售有限公司,河北,河北省沧州市开发区石港路赵家坟村南,0317-3052777,http://dealer.bitauto.com/100045980/index.html,
泊头市盛达汽车销售有限公司,河北,河北省沧州市泊头市裕华路与104国道交叉口北500米,0317-8295555,http://dealer.bitauto.com/100087273/index.html,
廊坊市翊祥汽车销售有限公司,河北,河北省廊坊市开发区金源道92号,0316-8015555-1,http://dealer.bitauto.com/100036177/index.html,
邯郸市喜丰汽车销售有限公司,河北,河北省武安市同安街摩托车市场北头,0310-5569692,http://dealer.xcar.com.cn/97865/,
天津燕长风商贸有限公司蓟县分公司,天津,天津市蓟县中昌南路开发区立交桥北,022-82728755,http://dealer.xcar.com.cn/113159/,
北京新兴裕隆汽车销售服务有限责任公司,北京,北京市延庆区延庆镇莲花池村东200米,010-60168569,,
昌黎精诚车业有限公司,河北,河北省秦皇岛市昌黎县东外环西王庄段,0335-2366222,,
河北金珂恒达汽车贸易有限公司,河北,河北省石家庄市藁城区307国道藁城收费站西侧路南,0311-67166636,,
赵县联翔汽车贸易有限公司,河北,河北省石家庄市赵县308国道路西,0311-84957151,,
雄县鑫合汇汽车销售服务有限公司,河北,河北省保定市雄县温白快速路北段,,,
廊坊市上海轿车维修服务有限公司,河北,河北省廊坊市广阳区益民道中段,0316-2396888,,
石家庄快马汽车销售有限公司,河北,河北省石家庄市长安区北外环68 号,,,
邢台和鹏汽车贸易有限公司,河北,河北省邢台市清河县新世纪大街南、华山路西,0319-8167660,,
北方新兴（北京）汽车销售有限公司,北京,北京市大兴区经济开发区金苑路10号,010-60216278,,
定州市安特汽车商贸有限公司,河北,定州市长安工业园二号路北口东侧,0312-2355126,,
昆山市联合汽车贸易有限公司,江苏,昆山市宝益路9号,0512-57306888,http://dealer.autohome.com.cn/71465,
南京大有汽车贸易有限公司,江苏,江苏省南京市江宁区东山街道4S园天临路8号,025-58323777,http://dealer.autohome.com.cn/10750,
常熟逸锋汽车销售服务有限公司,江苏,江苏省苏州市常熟市汽车城青墩塘路118号,0512-52973000,http://dealer.autohome.com.cn/2023818,
镇江万达汽车销售服务有限公司,江苏,江苏省镇江市丁卯开发区纬三路168号,0511-81981666,http://dealer.autohome.com.cn/120807,
南京日德汽车维修服务有限公司,江苏,江苏省南京市雨花区软件大道16号,025-58706028,http://dealer.autohome.com.cn/98197,
常州常悦汽车销售服务有限公司,江苏,江苏省常州市新北区顺园路88-10号（薛家汽车城内）,0519-81685188,http://dealer.autohome.com.cn/65279,
扬州市亨亚汽车销售服务有限公司,江苏,扬州市江都区希林路与润峰路交接处,0514-80916398,http://dealer.autohome.com.cn/12561,
扬州金都汽车销售有限公司,江苏,江苏省扬州市扬子江北路819号,0514-87798999,http://dealer.autohome.com.cn/2004889,
苏州市万友汽车销售服务有限公司,江苏,江苏省苏州市高新区国际汽车城内汇通路10,0512-66626222,http://dealer.autohome.com.cn/10752,
昆山市联合汽车贸易有限公司太仓分公司,江苏,江苏省太仓市经济开发区太平北路111号5栋103B,0512-53551222,http://dealer.autohome.com.cn/2003464,
张家港市联发汽车贸易有限公司,江苏,江苏省苏州张家港市人民东路与东二环路联发汽车城,0512-58299888,http://dealer.autohome.com.cn/2022218,
宿迁市合力汽车销售服务有限公司,江苏,江苏省宿迁市沐阳县常州路汽车产业园,0527-87997228,http://dealer.autohome.com.cn/2024730,
徐州市天士力工贸有限责任公司,江苏,江苏省徐州市金山桥经济开发区东三环63号,0516-80288288,http://dealer.autohome.com.cn/124180,
泰州宝N汽车销售服务有限公司,江苏,江苏省泰州市泰州经济开发区泰高路309号（泰州国际汽车城6号楼101）,0523-80916828,http://dealer.autohome.com.cn/81854,
宿迁市中科志翔汽车销售服务有限公司,江苏,江苏省宿迁市宿豫区江山大道,0527-80880000,http://dealer.autohome.com.cn/61856,
徐州新航汽车销售服务有限公司,江苏,江苏省徐州市铜山区珠江东路汽车工业园内,0516-83381777,http://dealer.autohome.com.cn/101214,
南通长庆汽车销售有限公司,江苏,江苏省南通市港闸区永兴路36号,0513-87108555,http://dealer.autohome.com.cn/119463,
江阴源臻汽车销售服务有限公司,江苏,江苏省无锡市江阴市澄杨路79号,0510-86988800,http://dealer.autohome.com.cn/2019468,
宜兴市宁兴汽车销售服务有限公司,江苏,江苏省无锡市宜兴经济开发区融达汽车城8幢813号,0510-87226226,http://dealer.autohome.com.cn/2005485,
无锡宁锡汽车销售有限公司,江苏,江苏省无锡惠山区金惠路106号,0510-82135881,http://dealer.autohome.com.cn/2018407,
江苏国信汽车服务有限公司,江苏,江苏省淮安市香港路淮安汽车城,0517-81563666,http://dealer.autohome.com.cn/2003258,
苍南县大昌汽车销售服务有限公司,浙江,浙江省温州市苍南县灵溪环城北路（通福路）春晖路口,0577-59920333,http://dealer.autohome.com.cn/2019499,
乐清欣安汽车有限公司,浙江,浙江省乐清市宁康东路1127号,0577-55775666,http://dealer.autohome.com.cn/2019352,
杭州祥通汽车有限公司,浙江,浙江省杭州市拱墅区花园岗街209-1号,0571-86911088,http://dealer.autohome.com.cn/15630,
绍兴祥通汽车有限公司,浙江,绍兴市袍江工业区中兴大道201号,0575-88158333,http://dealer.autohome.com.cn/81706,
绍兴市至行汽车销售服务有限公司,浙江,浙江省诸暨市城西开发区王家湖路17 号,0575-89093008,http://dealer.autohome.com.cn/2028368,
嘉兴国邦汽车销售有限公司,浙江,浙江省嘉兴市城南产业园一期永高路29号,0573-83388188,http://dealer.autohome.com.cn/2028713,
宁波市祥安汽车营销服务有限公司,浙江,浙江省宁波市江北区庄桥街道马径汽车园区东明路1号,0574-83012555,http://dealer.autohome.com.cn/2028871,
宁波市象山祥盛汽车销售服务有限公司,浙江,浙江省象山县经济开发区城南高新创业园,0574-89521777,http://dealer.autohome.com.cn/2028320,
宁波市祥弘汽车销售服务有限公司,浙江,浙江省宁波市北仑区小港滨江汽车城,0574-27617555,http://dealer.autohome.com.cn/2028261,
衢州宏安汽车销售服务有限公司,浙江,浙江省衢州市衢江区振兴东路619号,0570-8535555,http://dealer.autohome.com.cn/2018138,
金华豪邦汽车销售有限公司,浙江,浙江省金华市金东区赤松镇黄泥垅村,0579-82089900,http://dealer.autohome.com.cn/68576,
台州金豪汽车销售有限公司,浙江,浙江省台州市路桥区峰江街道十份村,0576-82929933,http://dealer.autohome.com.cn/100679,
温州中安汽车有限公司,浙江,浙江省温州市龙湾区温州大道18号,0577-88795888,http://dealer.autohome.com.cn/109011,
温州名欣汽车销售服务有限公司,浙江,浙江省瑞安市飞云镇城南大道,0577-65561985,http://dealer.autohome.com.cn/2003554,
湖州宏安汽车销售有限公司,浙江,浙江省湖州市八里店镇陆旺村三里桥路1501号,0572-2570888,http://dealer.autohome.com.cn/105333,
舟山市新洲汽车销售服务有限公司,浙江,浙江省舟山市定海区兴舟大道165号,0580-8808939,http://dealer.autohome.com.cn/121048,
丽水市金菱汽车销售服务有限公司,浙江,浙江省丽水市丽阳街,0578-2682888,http://dealer.autohome.com.cn/2005121,
上海恒驰汽车销售有限公司,上海,上海市沪南公路7160号,021-20929102,http://dealer.autohome.com.cn/126683,
上海禾致汽车销售服务有限公司,上海,上海市闵行区中春路1001号第10幢,021-52966855,http://dealer.autohome.com.cn/99660,
上海昌安汽车销售服务有限公司,上海,上海市同济路1552号甲,"
021-36213477
",http://dealer.autohome.com.cn/60344,
上海联闳浦逸汽车销售有限公司,上海,上海市奉贤区沪杭公路1095号,021-57109918,http://dealer.autohome.com.cn/2006275,
江苏日德汽车销售服务有限公司,江苏,南京市溧水区经济开发区汽车4S园,025-56600011,http://dealer.autohome.com.cn/2028271,
无锡大有汽车销售服务有限公司,江苏,江苏省无锡市金城东路290号东方汽车新城A14座,0510-83119188,http://dealer.autohome.com.cn/78824,
苏州威肯汽车销售服务有限公司,江苏,苏州市相城区元和街道苏张东太阳路,0512-65865111,http://dealer.autohome.com.cn/129263,
苏州市都市飞扬汽车销售服务有限公司,江苏,江苏省苏州市吴中区木渎中山东路151号,0512-80915091,http://dealer.autohome.com.cn/2025721,
南通大道车业有限公司,江苏,江苏省南通市港闸区长江北路99号,0513-81069666,http://dealer.autohome.com.cn/15150,
徐州万友汽车销售有限公司,江苏,徐州云龙区和平大桥东路北侧（竹林寺对面）,0516-81802886,http://dealer.autohome.com.cn/80419,
徐州市长安汽车销售有限公司,江苏,江苏省徐州市云龙区三环东路18号,0516-83877111,http://dealer.autohome.com.cn/2030164,
丹阳市安吉汽车销售有限公司,江苏,江苏省镇江市丹阳市丹金路（迈村对面）,0511-86918333,http://dealer.autohome.com.cn/83747,
丰县联众汽车销售服务有限公司,江苏,江苏省徐州市丰县丰沛路南经六路东,0516-68898659,http://dealer.autohome.com.cn/119013,
淮安市中科汽车销售服务有限公司,江苏,江苏省淮安市淮海城南汽车城,0517-89081555,http://dealer.autohome.com.cn/2017689,
扬州基德汽车销售服务有限公司,江苏,江苏省扬州市扬子江北路889号（小官桥东侧）,0514-80925117,http://dealer.autohome.com.cn/82131,
兴化市长清汽车贸易有限公司,江苏,江苏省兴化市临城镇科技园区兴泰公路西侧,0523-83458088,http://dealer.autohome.com.cn/123952,
泰州常青汽车贸易城有限公司,江苏,江苏省泰州市海陵区国际汽车城泰州大道311号,,http://dealer.autohome.com.cn/2040799,
宁波市中诚汽车销售有限公司,浙江,浙江省宁波市余姚市西环南路553号,0574-62493868,http://dealer.autohome.com.cn/10768,
义乌市康大汽车贸易有限公司,浙江,浙江省义乌市汽车城A馆9号,0579-85681063,http://dealer.autohome.com.cn/83884,
永康市汇通汽车服务有限公司,浙江,浙江省金华市永康市西新区九铃西路1013号,0579-87434898,http://dealer.autohome.com.cn/2003553,
台州金博隆车业有限公司,浙江,浙江省台州市路桥区泰隆街418号,0576-82766001,http://dealer.autohome.com.cn/75084,
杭州萧山宏安行汽车修理有限公司,浙江,浙江省杭州市萧山区兴园路158号3-5门面浙江世纪汽车市场,0571-82606999,http://dealer.autohome.com.cn/2003563,
临海市国大汽车配件有限公司,浙江,浙江省临海市江南下叶村,0576-89346660,http://dealer.autohome.com.cn/2028742,
江山中鸿汽车有限公司,浙江,浙江省衢州市江山市区江贺公路,0570-4796688,http://dealer.autohome.com.cn/2005397,
湖州宏锦汽车销售有限公司,浙江,浙江省湖州市长兴县雉城镇图影大道999号,0572-6550880,http://dealer.autohome.com.cn/2021525,
浙江祥通汽车有限公司,浙江,浙江省杭州市江干区下沙路1161号,0571-86913931,http://dealer.autohome.com.cn/2020066,
上海禾庭汽车销售服务有限公司,上海,上海市浦东新区川沙路4425号 ,021-58660759,http://dealer.autohome.com.cn/2018286,
上海亭卫汽车销售服务有限公司,上海,上海市金山区山阳镇亭卫公路1398,021-67299952,http://dealer.autohome.com.cn/2004793,
上海联闳汽车销售有限公司,上海,上海市闵行区天山西路2668号,021-62202390,http://dealer.autohome.com.cn/63118,
连云港神鹰汽车销售有限公司,江苏,江苏省连云港市新浦区解放东路318号B4-7,0518-85156888,http://dealer.autohome.com.cn/119014,
绍兴市裕盛汽车销售服务有限公司,浙江,浙江省绍兴市袍江工业区汽车城康宁路,0575-89182922,http://dealer.autohome.com.cn/2021573,
盐城万达汽车销售服务有限公司,江苏,江苏省盐城市通榆南路159号（亨威对面）,0515-88270111,http://dealer.bitauto.com/100048124/index.html,
如东大道汽车销售有限公司,江苏,江苏省南通市如东县城南环路如东汽车城,0513-81968000,http://dealer.bitauto.com/100116415/index.html,
南京古棠汽车贸易有限公司,江苏,江苏省南京市六合经济开发区方新路36号,025-57137740,http://dealer.bitauto.com/100055428/index.html,
昆山联合巴士租赁有限公司,江苏,江苏省昆山市昆嘉路556号,0512-36910166,http://dealer.bitauto.com/100046126/index.html,
常州东悦汽车销售服务有限公司,江苏,江苏省常州市武进区绿园爱舍17-2、3、4,0519-86959799,http://dealer.bitauto.com/100051187/index.html,
宿迁市中科汽车销售服务有限公司,江苏,江苏省宿迁市双庄国际汽车城纬二路北侧,0527-80990000,http://dealer.bitauto.com/100049676/index.html,
宁波市中瑞汽车销售服务有限公司,浙江,浙江省宁波市海曙区范江岸路中医院公交站旁,0874-87470198,http://dealer.bitauto.com/100067684/index.html,
江苏大有汽车服务有限公司,江苏,江苏省南京市雨花区板桥汽车4S园,025-52635783,,
常州金坛福瑞汽车销售有限公司,江苏,江苏省金坛市北环西路195号,0519-82880308,,
温州华信汽车有限公司,浙江,浙江省温州市瓯海大道413号,0577-28890000,,
上海富电汽车销售有限公司,上海,上海市宝山区江杨南路1377号,021-57600066,,
广西万友汽车销售服务有限公司,广西,广西省柳州市柳南区汇轮路2号广西汽贸园,0772-3722838,http://dealer.autohome.com.cn/14936,
桂林弘悦汽车销售服务有限公司,广西,广西省桂林市秀峰区甲山乡路口村机场路口,0773-3603666,http://dealer.autohome.com.cn/99687,
南宁万友汽车销售服务有限公司,广西,广西省南宁市科园大道89号,15717717108,http://dealer.autohome.com.cn/2028325,
南宁开悦汽车销售服务有限公司,广西,广西省南宁市安吉路36-11号,0771-3136158,http://dealer.autohome.com.cn/2023735,
广西吉星汽车销售服务有限公司,广西,广西省贵港市金港大道605号(汽车东站往西300米）,0775-4588298,http://dealer.autohome.com.cn/2020269,
百色万泰汽车销售服务有限公司,广西,广西省壮族自治区百色市右江区大旺路中段12号大旺汽车广场内,0776-8800988,http://dealer.autohome.com.cn/2028256,
北海瑞宏盛汽车销售服务有限公司,广西,广西省北海市海城区南珠大道中段（南珠汽车站向北800米）,0779－2068142,http://dealer.autohome.com.cn/65241/,
广西万友汽车销售服务有限公司南宁轿车分公司,广西,广西省南宁市银海大道864－3号玉洞汽车城G区05、06号,0771-4955455,http://dealer.autohome.com.cn/15815,
广西广合盛汽车销售服务有限公司,广西,广西省南宁市安吉大道56号,0771-4356660,http://dealer.autohome.com.cn/2002982,
柳州市兆鑫汽车销售服务有限公司,广西,广西省柳州市汇轮路汽贸园东区1-1号,0772-3118737,http://dealer.autohome.com.cn/2029861,
河池昌大贸易有限公司,广西,广西省河池市南环路区法院正对面,0778-2301086,http://dealer.autohome.com.cn/99697,
百色永生汽车贸易有限公司,广西,广西省百色市右江区大旺路中段A座1-3号,0776-2222683,http://dealer.autohome.com.cn/2003430,
广西贺州市捷成汽车销售有限公司,广西,广西省贺州市八达西路口与207国道交汇处,0774-5221717,http://dealer.autohome.com.cn/2003434,
钦州万里行汽车销售有限公司,广西,广西省钦州市北部湾大道中段 ,0777-3890506,http://dealer.autohome.com.cn/2003441,
梧州市凯丰汽车贸易有限公司,广西,广西梧州市长洲区龙平村七组蝴蝶山,0774-3889777,http://dealer.autohome.com.cn/2019024,
广西贵港市万利汽车销售有限公司,广西,广西省贵港市金港大道西段南侧（西江摩托车城往西100米）,0775-4278900,http://dealer.autohome.com.cn/2021460,
玉林市祥义盛汽车销售服务有限公司,广西,广西省玉林市一环北路416号,0775-2660938,http://dealer.autohome.com.cn/14429,
湖南润锦汽车销售服务有限公司,湖南,长沙市星沙中南汽车城H06区,0731-85284245,http://dealer.autohome.com.cn/65180,
浏阳润锦中天汽车销售有限公司,湖南,湖南省浏阳市浏阳大道博德路博德广场,0731-83725666,http://dealer.autohome.com.cn/2028272,
长沙县润锦汽车贸易有限公司,湖南,湖南省长沙市开福区万家丽北路清水塘城西村,0731-86808699,http://dealer.autohome.com.cn/129216,
湖南华捷城南汽车销售服务有限公司,湖南,湖南省长沙市雨花区雀园路和顺加油站旁,0731-84391566,http://dealer.autohome.com.cn/2016960,
怀化市华旭汽车销售服务有限公司,湖南,湖南省怀化市国际汽车城凉川路锦溪南路路口,0745-2377666,http://dealer.autohome.com.cn/2028899,
衡阳市和昌汽车销售服务有限公司,湖南,湖南省衡阳市石鼓区黄沙湾街道进步村一组,0734-8688333,http://dealer.autohome.com.cn/15258,
常德市华捷汽车销售服务有限公司,湖南,湖南省常德市常德大道与龙港路交汇处,0736-7770882,http://dealer.autohome.com.cn/117211,
永州华捷汽车销售有限公司,湖南,湖南省永州市潇湘汽车城内A06栋,0746-6677111,http://dealer.autohome.com.cn/2016222,
张家界弘安汽车服务有限公司,湖南,湖南省张家界九城汽车大世界七号地,0744-8588988,http://dealer.autohome.com.cn/2019558,
娄底润锦汽车销售服务有限公司,湖南,湖南省娄底市娄星区湘阳街北侧 ,0738-8680069,http://dealer.autohome.com.cn/2015218,
湘西弘泰汽车销售服务有限公司,湖南,湖南省吉首市湘西自治州蓝天国际汽车城3号地块,0743-2180699,http://dealer.autohome.com.cn/2028273,
郴州市和运汽车贸易有限公司,湖南,湖南省郴州市南岭大道与郴州大道交汇处,0735-8182222,http://dealer.autohome.com.cn/2019429,
长沙华捷汽车销售有限公司,湖南,湖南省长沙市中南汽车世界F04栋,0731-85243222,http://dealer.autohome.com.cn/2028612,
浏阳华捷汽车销售服务有限公司,湖南,湖南省浏阳市花炮大道生辉汽车城,0731-83288788,http://dealer.autohome.com.cn/126005,
长沙润锦汽车销售服务有限公司,湖南,湖南省长沙市高新区麓谷汽车城D-04地块 ,0731-88168618,http://dealer.autohome.com.cn/2006460,
宁乡华捷汽车销售服务有限公司,湖南,湖南省长沙市宁乡县玉潭镇楚沩东路540号,0731-87892828,http://dealer.autohome.com.cn/2023196,
怀化市远舰鸿安汽车销售服务有限公司,湖南,怀化市鹤城区红星南路211号,0745-2865388/0745-2865818,http://dealer.autohome.com.cn/99703,
衡阳市悦丰汽车销售服务有限公司,湖南,湖南省衡阳市蒸湘区杨柳三组杨柳汽贸城二期,0734-8533000,http://dealer.autohome.com.cn/128661,
郴州市佳辉贸易有限公司,湖南,郴州市开发区南岭村委会往南120米处,0735-2175777,http://dealer.autohome.com.cn/2025844,
岳阳惠丰汽车有限公司,湖南,湖南省岳阳市经济技术开发区通海南路（又称屈原南路）,0730-8752828,http://dealer.autohome.com.cn/11985,
湘潭润锦汽车销售服务有限公司,湖南,湖南省湘潭市九华示范区湘望路12号,0731-52786666,http://dealer.autohome.com.cn/83502,
益阳华捷汽车销售服务有限公司,湖南,湖南省益阳市桃花仑东路818号,0737-3801988,http://dealer.autohome.com.cn/99676,
株洲润锦汽车销售服务有限公司,湖南,株洲市天元区株洲大道482号体育中心,0731-28668008,http://dealer.autohome.com.cn/100673,
邵阳市和昌汽车销售服务有限公司,湖南,湖南省邵阳市双清区宝庆东路120号,0739-5088098,http://dealer.autohome.com.cn/101398,
江西华捷汽车销售有限公司,江西,江西省南昌市红谷滩新区汽配大市场B区1栋,0791-83127899,http://dealer.autohome.com.cn/2005481,
宜春市瑞达汽车贸易有限公司,江西,江西省宜春市环城西路鹏晟农机大市场2栋\9栋,0795-2171111,http://dealer.autohome.com.cn/76398,
九江展名汽车贸易有限公司,江西,江西省九江市港口街城西汽车大市场,"0792-8361776/
0792-6732666",http://dealer.autohome.com.cn/83567,
景德镇辉宏汽车销售服务有限公司,江西,江西省景德镇市陶瓷工业园洪源路A001号,0798-8539111,http://dealer.autohome.com.cn/126045,
萍乡市荣腾汽车贸易有限公司,江西,江西省萍乡市经济开发区金三角国际汽车交易展示中心,0799-6788865,http://dealer.autohome.com.cn/123238,
新余市安迈汽车销售服务有限公司,江西,江西省新余市九鼎汽车大市场聚龙路819号,0790-6213777,http://dealer.autohome.com.cn/2020247,
上饶市智铭汽车销售有限公司,江西,江西省上饶市三清山大道58号,0793-6179999-8888,http://dealer.autohome.com.cn/2027804,
赣州市立信贸易有限公司,江西,赣州市客家大道181号赣州国际汽车城五号展厅7-8号,0797-5552922,http://dealer.autohome.com.cn/123833,
江西瑞风汽车有限公司,江西,江西省南昌市洪都中大道166号,0791-88529911,http://dealer.autohome.com.cn/123982,
高安市瑞钦汽车贸易有限公司,江西,江西省高安市瑞阳大道莱茵星城,0795-5777888,http://dealer.autohome.com.cn/76551,
赣州市大兴汽车贸易有限公司,江西,江西省赣州市金潭大道,0797-7389966,http://dealer.autohome.com.cn/7674,
南昌华捷汽车贸易有限公司,江西,江西省南昌市青云谱区迎宾北大道1086号,0791-85257330,http://dealer.autohome.com.cn/2019198,
鹰潭市谭氏汽车贸易有限公司,江西,江西省鹰潭市月湖区体育馆西路6号1-12号,0701-6684111,http://dealer.autohome.com.cn/99705,
萍乡市强大汽车销售有限公司,江西,江西省萍乡市320国道边安源国际汽车城,0799-6690777,http://dealer.autohome.com.cn/2021505,
九江汽车城有限公司,江西,江西省九江市庐山大道82号,0792-8589990,http://dealer.autohome.com.cn/2028270,
上饶市福铃达汽车有限公司,江西,江西省上饶市经济开发区三清山西大道1号1栋 ,0793-6025018,http://dealer.autohome.com.cn/2026923,
抚州市通永汽车贸易有限公司,江西,江西省抚州市金巢大道838号,0794-8299777,http://dealer.autohome.com.cn/2021471,
乐平市宏兴汽车销售服务有限公司,江西,江西省乐平市洎阳街道办事处大园里,0798-6788286,http://dealer.autohome.com.cn/119918,
武汉市东瑞汽车销售服务有限公司,湖北,湖北省武汉市洪山区青菱街红霞村（白沙洲大道9号）,027-88131888,http://dealer.autohome.com.cn/123990,
孝感长源汽车销售有限责任公司,湖北,孝感市孝汉大道银湖科技产业园中小企业城2号,0712-2367011,http://dealer.autohome.com.cn/99710,
十堰海友汽车贸易有限公司,湖北,湖北省十堰市张湾区红卫方山路10号,0719-8610777,http://dealer.autohome.com.cn/76263,
潜江市吉源汽车销售服务有限公司,湖北,湖北省潜江市园林办事处潜阳西路55号,0728-6290208,http://dealer.autohome.com.cn/2021440,
襄阳凯源通达汽车销售服务有限公司,湖北,湖北省襄阳市富康大道深圳工业园汽车城,0710-2575888,http://dealer.autohome.com.cn/2028260,
荆门市康储工贸有限公司,湖北,荆门市掇刀区月亮湖路国际汽车城168-1号,0724-2224666,http://dealer.autohome.com.cn/2004031,
荆州优加汽车销售服务有限公司,湖北,湖北省荆州市荆沙大道竹叶山商贸城C9-101号,0716-8515111,http://dealer.autohome.com.cn/2024211,
恩施驷马轩汽车商贸有限公司,湖北,湖北省恩施市舞阳坝街道办事处耿家坪村花果山汽车商贸城 ,0718-8027822,http://dealer.autohome.com.cn/2027107,
黄石振源汽车销售服务有限公司,湖北,湖北省黄石市黄金山开发区大棋路以南，圣明路以西B号地块,0714-8668188,http://dealer.autohome.com.cn/2016462,
黄冈市元秀汽车销售有限公司,湖北,湖北省黄冈市黄州区南湖路5队,0713-8114111,http://dealer.autohome.com.cn/102253,
天门龙腾汽车销售服务有限公司,湖北,湖北省天门市陆羽汽车城内广汽本田旁地块,0728-5333909,http://dealer.autohome.com.cn/2026349,
武汉振源汽车销售服务有限公司,湖北,武汉市江岸区（竹叶山汽车市场）建设大道科技馆路特1号,027-82917771,http://dealer.autohome.com.cn/10748,
湖北东瑞汽车有限公司,湖北,湖北省武汉市汉阳区汉阳大道汉蔡路特8号-2号,027-84888011,http://dealer.autohome.com.cn/2028327,
黄冈市康程汽车销售服务有限公司,湖北,湖北省黄冈市明珠大道108号,0713-8588222,http://dealer.autohome.com.cn/2040726,
荆门长源腾龙汽车销售服务有限公司,湖北,湖北省荆门市高新开发区迎春大道8号,0724-2492929,http://dealer.autohome.com.cn/2019956,
襄阳富黄长信汽车销售服务有限公司,湖北,湖北省襄阳市襄州区钻石大道47号,0710-3338828,http://dealer.autohome.com.cn/2028274,
孝感汇众汽车服务有限公司,湖北,湖北省孝感市孝南经济开发区状路356号 ,0712-2360088,http://dealer.autohome.com.cn/2006753,
宜昌市华晟汽车销售服务有限责任公司,湖北,湖北省宜昌市V亭区V亭大道109号,0717-6569966,http://dealer.autohome.com.cn/2029262,
恩施中安汽车贸易有限公司,湖北,湖北省恩施市金桂大道141号,0718-8989301,http://dealer.autohome.com.cn/2027107,
咸宁东瑞汽车销售服务有限公司,湖北,湖北省咸宁市银泉大道109号,0715-8878678,http://dealer.autohome.com.cn/2026384,
广西梧州市捷成汽车销售服务有限公司,广西,广西省梧州市城东镇扶典村四组龙泉冲综合楼侧边,0774-2028887,http://dealer.bitauto.com/100106403/index.html,
来宾市兆鑫汽车销售有限公司,广西,广西省来宾市天然桥路冶炼厂运输队第一排门面1-8号,0772-4852888,http://dealer.bitauto.com/100061353/index.html,
广西崇左市豪力汽车销售服务有限公司,广西,广西省崇左市江州区丽江路6号,0771-7988068,http://dealer.bitauto.com/100070362/index.html,
桂林鑫悦汽车销售服务有限公司,广西,广西灵川八里街工业园区29-2号地,0773-2668908,http://dealer.bitauto.com/100030437/index.html,
江西燕兴实业有限公司,江西,江西省南昌市迎宾中大道458号,0791-85279975,http://dealer.bitauto.com/100030439/index.html,
江西通胜汽车贸易有限公司,江西,江西省吉安市庐陵区合丰汽车城5栋2号,0796-8642688,http://dealer.bitauto.com/100050842/index.html,
江西祥通汽车贸易有限公司,江西,江西省吉安市合丰汽车城配套区7栋2号,0796-8798889,http://dealer.bitauto.com/100070364/index.html,
武汉锦瀚源汽车销售服务有限公司,湖北,湖北省武汉市汉口北大道99号汽车城W2栋国际商品交易中心（小商品城对面）,027-61909675,http://dealer.bitauto.com/100068338/index.html,
宜昌市华康工贸有限责任公司,湖北,湖北省宜昌市伍家岗区临江坪,0717-6267222,http://dealer.bitauto.com/100028353/index.html,
十堰市俊安汽车销售有限公司,湖北,湖北省十堰市十堰北国际汽车贸易城,0719-7790888,http://dealer.bitauto.com/100106474/index.html,
荆州市盛奇汽车销售服务有限公司,湖北,荆州市沙市区柳林洲汽车市场,0716-8210333,http://dealer.bitauto.com/100020497/index.html,
宜昌七环轻汽实业公司,湖北,湖北省宜昌市伍家岗区东山大道145号,0717-6446613,http://dealer.xcar.com.cn/102308/,
武汉长源龙腾汽车销售服务有限公司,湖北,湖北省武汉市江夏区金龙大街汽车公园,,http://price.pcauto.com.cn/66520/,
宁乡万里汽车销售服务有限公司,湖南,湖南省长沙市宁乡县玉潭镇楚沩东路118号,0731-87802828,,
常德华捷华翔汽车销售服务有限公司,湖南,湖南省常德市龙港路以东、常德大道以南,0736-7142666,,
合肥大步汽车贸易有限公司,安徽,安徽省合肥市经济技术开发区金寨南路十八岗,0551-63518999,http://dealer.autohome.com.cn/70573,
安徽长天汽车销售服务有限公司,安徽,安徽省合肥市蜀山区长江西路与双塘路交口北300米,0551-65876316,http://dealer.autohome.com.cn/2028253,
六安信步汽车销售服务有限公司,安徽,安徽省六安经济开发区经六路金太阳国际汽车城,0564-3358068,http://dealer.autohome.com.cn/100186,
蚌埠恒泰汽车贸易有限公司,安徽,安徽省蚌埠市迎宾大道国际汽车城北路,0552-3127711,http://dealer.autohome.com.cn/10725,
安庆市天佑汽车销售服务有限公司,安徽,安庆市大观区丁香路汽车城,0556-5059111,http://dealer.autohome.com.cn/2029474,
阜阳市永鑫汽车销售服务有限公司,安徽,安徽省阜阳市经济技术开发区汽贸物流园经六路75号,0558-2329800,http://dealer.autohome.com.cn/5521,
宿州市东泰汽车贸易有限责任公司,安徽,安徽省宿州市经济开发区西昌南路,0557-2629998,http://dealer.autohome.com.cn/107640,
芜湖昊之宇汽车销售服务有限公司,安徽,安徽省芜湖市芜宣高速北侧纬次路南端,0553-5816060,http://dealer.autohome.com.cn/128998,
黄山市长鑫汽车销售服务有限公司,安徽,黄山市徽州区与歙县交界处S215省道边（郑村）,0559-6960666,http://dealer.autohome.com.cn/123819,
马鞍山市同兴汽车销售服务有限公司,安徽,安徽省马鞍山市当涂经济开发区红旗南路西侧,0555-6681111,http://dealer.autohome.com.cn/2016388,
广德县飞宇汽车销售有限公司,安徽,安徽省宣城市广德县城北广溧路站前路交汇处,0563-6026667,http://dealer.autohome.com.cn/2018903,
宣城瑞驰汽车销售服务有限公司,安徽,安徽省宣城市经济技术开发区林海路,0563-2616313,http://dealer.autohome.com.cn/2026280,
铜陵润辉汽车销售服务有限公司,安徽,安徽省铜陵市铜都大道古圣段桥南4S店集群,0562-6812777,http://dealer.autohome.com.cn/2026403,
合肥大步天畅汽车服务有限公司,安徽,安徽省合肥市包河区包河大道与纬五路交口大步车业之家,0551-63486868,http://dealer.autohome.com.cn/7678,
阜阳市万生汽车销售有限公司,安徽,安徽省阜阳市经济开发区汽贸物流园经五路与纬五路交叉口,0558-3680888,http://dealer.autohome.com.cn/68560,
亳州兄弟汽车销售服务有限公司,安徽,安徽省亳州市工业园区杜仲路与105国道交叉口东200米路南,0558-8889898,http://dealer.autohome.com.cn/118048,
马鞍山市中兴摩托车销售有限公司,安徽,安徽省马鞍山市湖西南路汽博城10栋,0555-2168099,http://dealer.autohome.com.cn/125442,
安徽百事达汽车销售服务有限公司,安徽,安徽省六安市皖西大道,0564-7259999,http://dealer.autohome.com.cn/2028440,
蚌埠市喜洋洋汽车贸易有限公司,安徽,安徽省蚌埠市东海大道市政府西200米,0552-4116202,http://dealer.autohome.com.cn/2002681,
阜阳市畅通汽车销售服务有限公司,安徽,安徽省阜阳市颍州区阜南路四里桥628号,0558-6682999,http://dealer.autohome.com.cn/2025630,
池州市三义汽贸有限公司,安徽,安徽省池州市站前区站南路汽车集聚园,0566-2121777,http://dealer.autohome.com.cn/105394,
山东翔悦达汽车贸易有限公司,山东,山东省济南市槐荫区二环西路68号,0531-68810555,http://dealer.autohome.com.cn/10386,
德州茂达汽车贸易有限公司,山东,山东省德州市经济技术开发区东风东路大雁岛东666米路南,0534-2263111,http://dealer.autohome.com.cn/2027735,
章丘聚源达汽车贸易有限公司,山东,山东省章丘市济青路廉坡村五金建材市场内,0531-83360789,http://dealer.autohome.com.cn/99712,
聊城泰鸿达汽车贸易有限公司,山东,山东省聊城市开发区泰山路与滦河路交汇处（永润汽车城院内）,0635-5152222,http://dealer.autohome.com.cn/71175,
菏泽市金圣达汽车销售有限公司,山东,山东省菏泽市牡丹区黄河东路566号,0530―2078777,http://dealer.autohome.com.cn/85426,
济宁诚源汽车销售服务有限公司,山东,山东省济宁市任城区一零五国道金宇汽配城东门对面,0537-2331555,http://dealer.autohome.com.cn/2021946,
济宁市博华汽车销售服务有限公司,山东,山东省济宁市高新区黄屯镇立交桥西、327国道北,0537-317180,http://dealer.autohome.com.cn/2028269,
临沂长安汽车销售服务有限公司,山东,山东省临沂市双岭路与京沪高速公路交汇处东200米,0539-8562828,http://dealer.autohome.com.cn/2020249,
青岛江山汽车销售服务有限公司,山东,山东省青岛市市北区长沙路72-2号,0532-84856288,http://dealer.autohome.com.cn/10759,
青岛喜和汽车销售服务有限公司,山东,山东省青岛市即墨市烟青路61号,0532-88567876,http://dealer.autohome.com.cn/113030,
山东嘉顺汽车商贸有限公司,山东,山东省泰安市岱岳区泰东路泰山国际汽车城东首,0538-5555666,http://dealer.autohome.com.cn/15766,
新泰宝达汽车销售服务有限公司,山东,山东省泰安市新泰市迎宾路千米立井,0538-7778399,http://dealer.autohome.com.cn/2003362,
烟台鸿福汽车销售服务有限公司,山东,山东省烟台市芝罘区幸福南路西10号,0535-6012777,http://dealer.autohome.com.cn/2021506,
淄博世纪车行有限公司,山东,山东省淄博市张店区山泉路108号,0533-2986388,http://dealer.autohome.com.cn/10760,
淄博世嘉汽车销售服务有限公司,山东,山东省淄博市周村区309国道与滨博高速下路口以南,0533-6018778,http://dealer.autohome.com.cn/2002489,
东营市浩博汽车销售有限公司,山东,山东省东营市东营区北二路1199号哨头村（北二路与西五路交汇处向西800米路北）,0546-7788666,http://dealer.autohome.com.cn/128800,
寿光市安达汽车贸易有限公司,山东,山东省寿光市圣城东街菜博园东2公里路南(东宇鸿祥汽车城),0536-5559333,http://dealer.autohome.com.cn/71627,
莱芜市晨达汽车贸易有限公司,山东,山东省莱芜市莱城工业区长勺北路汽车商贸城,0634-6511666,http://dealer.autohome.com.cn/2001727,
滕州市宝宁汽车贸易有限公司,山东,山东省枣庄市滕州市龙泉南路,0632-5085999,http://dealer.autohome.com.cn/2003575,
山东省博兴县滨通汽车销售服务有限公司,山东,山东省滨州市博兴县深发物流园南首,0543-2618888,http://dealer.autohome.com.cn/128768,
滨州市正浩汽车销售服务有限公司,山东,山东省滨州市渤海五路黄河十八路北515号,0543-3125678,http://dealer.autohome.com.cn/2028266,
日照盛达汽车销售服务有限公司,山东,山东省日照市莒县陵阳镇驻地以北335省道东侧,0633-6160666,http://dealer.autohome.com.cn/2024018,
山东迈瑞时达汽车贸易有限公司,山东,济南市历下区奥体西路1号,0531-88685188,http://dealer.autohome.com.cn/67983,
山东翔悦达汽车贸易有限公司德州分公司,山东,山东省德州市经济开发区晶华路中段（新城钢结构公司院内）,0534-2750123,http://dealer.autohome.com.cn/99711,
青岛新建达汽车销售有限公司,山东,青岛市李沧区黑龙江中路308国道3178号,0532-89087008,http://dealer.autohome.com.cn/3067,
聊城万达汽车贸易有限公司,山东,聊城市开发区东昌东路东首长安铃木4S店西邻,0635-8870777,http://dealer.autohome.com.cn/67607,
山东瑞安汽车贸易有限公司,山东,山东省济南市工业北路93号,0531-67809622 ,http://dealer.autohome.com.cn/2023360/,
潍坊宝杰汽车销售有限公司,山东,山东省潍坊市潍州路519号,0536-8803567,http://dealer.autohome.com.cn/2001731,
淄博华业汽车销售有限责任公司,山东,山东省淄博市张店区中心路182甲1号,0533-3153513,http://dealer.autohome.com.cn/2727,
济宁市双安汽车销售服务有限公司,山东,山东省济宁市金宇汽配城内（转盘南200米105国道路西）,0537-7977966,http://dealer.autohome.com.cn/2028540,
梁山县金瑞达汽车销售有限公司,山东,山东省济宁市梁山县拳铺工业园华信路苗庄村北（220国道郭堂十字路口向东1.7公里路北） ,0537-3230577,http://dealer.autohome.com.cn/2021629,
临沂长华汽车销售服务有限公司,山东,山东省临沂市河东区温泉路与北京东路交汇处车管所南500米,0539-8389111,http://dealer.autohome.com.cn/2040345,
枣庄矿业集团顺通物资汽贸服务中心,山东,山东省枣庄市薛城区张范镇光明大道杨峪风景区路口东400米,0632-8265222,http://dealer.autohome.com.cn/71177,
菏泽正通汽贸有限公司,山东,山东省菏泽市开发区黄河东路800号,0530-5702011,http://dealer.autohome.com.cn/69767,
单县鑫辉汽车销售有限公司,山东,山东省菏泽市单县北环路振华汽车城,0530-2098689,http://dealer.autohome.com.cn/2001725,
威海顺成汽车销售服务有限公司,山东,山东省威海市环翠区温泉镇冶口金蚂蚁汽车广场26号,0631-5992566,http://dealer.autohome.com.cn/71166,
青岛喜泰来汽车销售服务有限公司,山东,山东省青岛市黄岛区东岳西路2188号,0532-58828521,http://dealer.autohome.com.cn/2028268,
日照市万达汽车工业销售有限公司,山东,山东省日照市开发区汽车商贸城（204国道奎山驻地）,0633-8617555、8617559,http://dealer.autohome.com.cn/13643/,
郑州德润众业汽车销售服务有限公司,河南,郑州市金水区中州大道与三全大道交叉口向北500米,0371-55655111,http://dealer.autohome.com.cn/60291,
郑州德水安业汽车销售有限公司,河南,郑州市西三环北段路西西环汽车公园,0371-53380866,http://dealer.autohome.com.cn/2028275,
濮阳市泽原汽车服务有限公司,河南,河南省濮阳市中原路东段距106国道200米路南,0393-8915920,http://dealer.autohome.com.cn/2028528,
安阳市广泽汽车贸易有限公司,河南,河南省安阳市豫北汽车城内,0372-2597597,http://dealer.autohome.com.cn/107680,
鹤壁市永兴汽车销售服务有限公司,河南,河南省鹤壁市黎阳路东段南侧,0392-2250000,http://dealer.autohome.com.cn/125468,
郑州德旺盛业汽车销售服务有限公司,河南,郑州市中州大道与迎宾路交叉口北行200米路东花园口汽车城,"0371-55339678
",http://dealer.autohome.com.cn/61215,
洛阳市天凯机电有限公司,河南,河南省洛阳市名车苑汽车广场 ,0379-63502999,http://dealer.autohome.com.cn/2006453,
南阳市安顺汽车销售服务有限公司,河南,河南省南阳市信臣西路与人民北路交叉口向西600米路南 ,0377-63878866,http://dealer.autohome.com.cn/10745,
南阳市安福汽车贸易有限公司,河南,"河南省南阳市卧龙区邓禹路与信臣东路交叉口路北（市检察院向西500米路北）
",0377-67082777,http://dealer.autohome.com.cn/2028250,
周口鑫安顺汽车销售服务有限公司,河南,河南省周口市川汇区建设路东段,0394-8359666,http://dealer.autohome.com.cn/2022212,
商丘市威隆汽车贸易有限公司,河南,河南省商丘市中原车城车管分所向西200米璐西,0370-6797111,http://dealer.autohome.com.cn/2020145,
开封博奥汽车贸易有限公司,河南,河南省开封市金明区魏都路与集英街交叉口西北角,0371-23231111,http://dealer.autohome.com.cn/70427,
周口市永达汽车贸易有限公司,河南,周口市中州路与太昊路交叉口西北角,0394-8699999,http://dealer.autohome.com.cn/102939,
平顶山市佳鑫长安汽车销售有限公司,河南,平顶山市建设路与许南路交叉口向东108米路南,0375-3869777,http://dealer.autohome.com.cn/99722,
驻马店市汇源汽车销售服务有限公司,河南,驻马店市开源大道与前进路交叉口,0396-3601888,http://dealer.autohome.com.cn/74822,
信阳宏图汽车贸易有限公司,河南,信阳市平桥区京港澳高速与312国道交汇处向西500米路北（宏图汽车城院内）,0376-3885788,http://dealer.autohome.com.cn/127278,
漯河博旭汽车贸易有限公司,河南,河南省漯河市源汇区107国道与桂江路交叉口西200米路南,0395-3382333,http://dealer.autohome.com.cn/2004465,
河南长久吉盛汽车销售服务有限公司,河南,郑州市惠济区银通路东、开元路南（河南汽车贸易中心院内）,0371-55553188,http://dealer.autohome.com.cn/70468,
郑州德盛昌业汽车销售服务有限公司,河南,河南省郑州市郑东新区经北六路与经开第八大街交叉口,0371-86580500,http://dealer.autohome.com.cn/125820,
新乡市长翔汽车贸易有限公司,河南,河南省新乡市南环路与新飞大道交汇处南环汽车广场院内,0373-5120999,http://dealer.autohome.com.cn/2017688,
三门峡长兴汽车销售服务有限公司,河南,河南省三门峡市瑞通汽车城四区三号,0398-3119777,http://dealer.autohome.com.cn/2004658,
南阳市安达汽车销售服务有限公司,河南,南阳市北京大道气象局北隔墙,0377-63878299,http://dealer.autohome.com.cn/2003531,
洛阳骏德汽车有限公司,河南,河南省洛阳市名车苑汽车广场,0379-63601161,http://dealer.autohome.com.cn/2003528,
焦作市博大伟业汽车销售有限公司,河南,焦作市塔南路旧机动车交易市场南侧,0391-3595128,http://dealer.autohome.com.cn/2021325,
商丘市威航汽车贸易有限公司,河南,河南省商丘市金桥路与民主路交汇处中原汽车城,0370-2233300,http://dealer.autohome.com.cn/80435,
开封市汇金汽车销售服务有限公司,河南,河南省开封市金明区金明大道与连霍高速交叉口向北500M路东,,http://dealer.autohome.com.cn/74653,
周口市永兴汽车销售有限公司,河南,周口市川汇区北环路东段宏源精品汽车城院内,0394-8121366,http://dealer.autohome.com.cn/2027603,
信阳鑫广盛汽车销售服务有限公司,河南,河南省信阳市312国道工业城招商中心西100米路北,0376-3391666,http://dealer.autohome.com.cn/80705,
驻马店市安盛汽车销售服务有限公司,河南,驻马店市天中山大道南段神州汽车城内（森林公园南800米路西）,0396-2322888,http://dealer.autohome.com.cn/129056,
许昌恒之业汽车销售有限公司,河南,许昌市北外环转盘向北800米路西,0374-2295555,http://dealer.autohome.com.cn/2021877,
平顶山市中财汽车销售有限公司,河南,河南省平顶山市建设路与许南路交叉口东200米路北,0375-3741111,http://dealer.autohome.com.cn/2016795,
永城市宏发汽车销售有限公司,河南,河南省永城市春雨汽车城院内,0370-6985888,http://dealer.autohome.com.cn/100199,
长垣县安达汽车销售服务有限公司,河南,河南省新乡市长垣县长垣大道中段金色阳光汽车城院内,0373-8727777,http://dealer.autohome.com.cn/120793,
巢湖市鑫鑫汽车销售服务有限公司,安徽,安徽省合肥市巢湖市经济开发区金山路与半汤路交叉口（亚夏汽车城）,0551-82369388,http://dealer.bitauto.com/100036448/index.html,
涡阳县兄弟汽车销售维修有限公司,安徽,安徽省涡阳县老子牛像西2公里路北大步汽车城,0558-7298777,http://dealer.bitauto.com/100055350/index.html,
淮北润美汽车销售有限公司,安徽,安徽省淮北市相山区寇湾汽车城骏驰路12号,0561-3111008,http://dealer.bitauto.com/100108169/index.html,
宿州市安宇汽车贸易有限责任公司,安徽,安徽省宿州市经济开发区外环南路宿州飞跃汽车城,0557-2629009,http://dealer.bitauto.com/100060964/index.html,
凤台县新姿汽车贸易有限公司,安徽,安徽省淮南市凤台县经济开发区淮凤路北侧,0554-8911886,http://dealer.bitauto.com/100060272/index.html,
滁州市建林汽车销售有限公司,安徽,安徽省滁州花园东路666号,0550-3878777,http://dealer.bitauto.com/100021100/index.html,
临沂通华汽车销售服务有限公司,山东,山东省临沂市高新区沂河路与罗七路交汇处西南角,0539-2776888,http://dealer.bitauto.com/100029635/index.html,
龙口福昌汽车销售服务有限公司,山东,山东省烟台市龙口市东城区环城北路61号,0535-8731711,http://dealer.bitauto.com/100051177/index.html,
莱州市骏德汽车销售有限公司,山东,山东省烟台市莱州市永安路街道大原家村,0535-2877088,http://dealer.bitauto.com/100070579/index.html,
威海顺驰汽车销售服务有限公司,山东,山东省威海市环翠区温泉镇金蚂蚁汽车广场6号,0631-5377766,http://dealer.bitauto.com/100040542/index.html,
高密润福汽车贸易有限公司,山东,山东省潍坊市高密市夷安大道北首,0536-2219777,http://dealer.bitauto.com/100082710/index.html,
临朐润杰汽车贸易有限公司,山东,山东省潍坊市临朐县新车管所北行500米路西（江北物流城西门对面）,0536-3337877,http://dealer.bitauto.com/100087328/index.html,
潍坊润德汽车贸易有限公司,山东,山东省潍坊市潍洲路金宝乐园北段,0536-8823136,http://dealer.bitauto.com/100081994/index.html,
山东经纬度汽车贸易有限公司,山东,山东省济南市槐荫区经十西路济西二手车交易市场南200米,0531-55705165,http://dealer.bitauto.com/100051057/index.html,
青岛喜地汽车销售服务有限公司,山东,青岛平度市李园街道办事处李子园村（柳州路以东厦门路以北）,0532-58825017,http://dealer.bitauto.com/100042833/index.html,
青岛喜安达汽车销售服务有限公司,山东,山东省青岛胶州市经济技术开发区站前大道中,0532-58828518,http://dealer.bitauto.com/100044088/index.html,
青岛喜悦汽车销售服务有限公司,山东,山东省青岛市城阳区黑龙江中路405号,0532-58828686,http://dealer.bitauto.com/100074335/index.html,
烟台鸿运汽车贸易有限公司,山东,烟台市开发区泰山路109号,0535-3975558,http://dealer.bitauto.com/100038007/index.html,
滨州腾翔汽车销售服务有限公司,山东,山东省滨州市渤海24路与长江1路交叉口往南100米路西,0543-3095222,http://dealer.bitauto.com/100040926/index.html,
泰安市嘉益汽车商贸有限公司,山东,山东省泰安市高新技术开发区长城路南段,0538-5075999,http://dealer.bitauto.com/100042290/index.html,
海阳市海佳亚飞汽车销售有限公司,山东,山东省海阳市海天路东首,0535-3293999,http://dealer.bitauto.com/100087826/index.html,
许昌恒业汽车销售有限公司,河南,河南省许昌市南外环梨园转盘东50米路北,0374-5185555,http://dealer.bitauto.com/100026469/index.html,
偃师市众鑫汽车销售有限公司,河南,河南省洛阳市偃师市310国道与高速引线交叉口,0379-69666185,http://dealer.bitauto.com/100060175/index.html,
商丘市威达汽车贸易有限公司,河南,河南省商丘市梁园区民主西路与金桥路交叉口向东500米路北（中原汽车城）,0370-2299889,http://dealer.bitauto.com/100034818/index.html,
安阳市广汇汽车贸易有限公司,河南,河南省安阳市人民大道与光明路交叉口向北200米,0372-3773937,http://dealer.bitauto.com/100086140/index.html,
济源市亚飞贸易有限公司,河南,河南省济源市新济路南水屯段物资市场5号院,0391-6271555,http://dealer.bitauto.com/100060515/index.html,
安庆市爵圣汽车贸易有限公司,安徽,安庆长江大桥综合经济开发区英德利国际汽车城6号钢构,0556-5215555,http://dealer.xcar.com.cn/51860/,
山东鸿运汽车交易广场有限公司,山东,山东省烟台市芝罘区机场路158号,0535-6011000,http://dealer.xcar.com.cn/104048/,
肥城市福安汽车商贸有限公司,山东,山东省泰安市肥城市临安路亿丰汽贸城东3栋,0538-6334888,http://price.pcauto.com.cn/84197/,
安庆汉斯汽车销售服务有限责任公司,安徽,安徽省安庆市宜秀区英德利国际汽车城3期5号楼,0556-5228269,,
邹城市迪升汽车销售有限公司,山东,山东省济宁市邹城市国宏大道6369号,0537-5222988,,
郯城远通汽车销售服务有限公司,山东,山东省临沂市郯城县南外环灯塔东50米路南,0539-2056032,,
平邑远通汽车销售服务有限公司,山东,山东省临沂市平邑县327国道南广电局对面,0539-2032098,,
山东顺行汽车销售服务有限公司,山东,山东省威海市文登市世纪大道与珠海路交叉口,0631-8080000,,
青岛喜仁汽车销售服务有限公司,山东,山东省青岛市平度市西外环青岛路与柳州路交界,0532-58828308,,
临清五州汽车销售服务有限公司,山东,聊城临清市南环路东首路南,0635-2558666,,
东营市泰和汽车销售有限责任公司,山东,东营市西三路与南一路交汇处西200米路南,0546-8719777,,
邹平精诚汽车销售服务有限公司,山东,山东省滨州市邹平县邹韩路中段马庄桥南100米,0543-4298888,,
山东远通汽车贸易集团有限公司沂南分公司,山东,山东省临沂市沂南县张南路中段,0539-3806999,,
淄博世纪佳和汽车销售服务有限公司,山东,山东省淄博市桓台县柳泉北路1877号天齐汽车博览园,,,
河南天道汽车贸易服务有限公司,河南,河南省郑州市管城区商都路与圃田西路交叉口,,,
郑州玖茂隆顺实业有限公司,河南,河南省郑州市荥阳市乔楼镇孙寨北万山南路西侧,,,
新乡市长宇汽车贸易有限公司,河南,河南省新乡市南环路与和平大道交叉口西300米路南,0373-2031000,,
偃师市众鑫汽车销售有限公司 ,河南,河南省洛阳市洛龙新区牡丹大道和杜预街交汇处,,,
洛阳市长安汽车销售有限公司,河南,河南省焦作市解放区丰收路与孟州路交叉口,,,
新密德鑫祥业汽车销售服务有限公司,河南,河南省郑州市新密市嵩山大道东段赵坡新村东1000米,0371-69216688,,
濮阳市鑫泽原汽车销售服务有限公司,河南,河南省濮阳市华龙区中原路东段路南,0393-5381886,,
邓州市安顺汽车销售服务有限公司,河南,河南省南阳市邓州市七里店工业园区张楼乡大庄村207国道南侧,0377-62721688,,
中山市顺肇汽车贸易有限公司,广东,广东省中山市西区沙朗彩虹大道149号（顺肇汽贸内）,0760-88667731,http://dealer.autohome.com.cn/126152,
中山市利盈汽车销售服务有限公司,广东,广东省中山市小榄镇菊城大道九洲LED城马路正对面（原力大橡筋厂）,0760-89829066,http://dealer.autohome.com.cn/2017707,
云浮市美利汽车销售服务有限公司,广东,广东省云浮市云城区324国道罗沙稔塘广汽丰田4S店对面,0766-8325088,http://dealer.autohome.com.cn/2028726,
深圳市顺鑫隆实业发展有限公司,广东,深圳市福田区上梅林中康北路通大汽车广场,0755-82269363,http://dealer.autohome.com.cn/1834,
深圳市瑞华汽车贸易有限公司,广东,广东省深圳市福田区红荔西路联合华鹏汽车广场B2-2A,0755-83052264,http://dealer.autohome.com.cn/2040251,
东莞市志诚志通汽车服务有限公司,广东,广东省东莞市寮步镇横坑管理区莞樟公路与环城路交界处志诚车行,0769-83306633,http://dealer.autohome.com.cn/70698,
东莞市东锐汽车销售服务有限公司,广东,广东省东莞市南城区莞太路白马路段北侧,0769-22808883,http://dealer.autohome.com.cn/2028744,
东莞市永天汽车销售服务有限公司,广东,广东省东莞市塘厦镇林村汽车城（东风本田对面）,0769-87902656,http://dealer.autohome.com.cn/2039693,
佛山市广物粤安汽车销售服务有限公司,广东,广东省佛山市南海区里水镇佛山一环水口路出口东侧200米,0757-85601906,http://dealer.autohome.com.cn/2030664,
佛山市长安隆汽车贸易有限公司,广东,佛山市国际车城内石湾雾岗路河南工业大道F座1-13铺及侧道铺面,0757-83831318,http://dealer.autohome.com.cn/82685,
佛山市顺德区东之安汽车销售服务有限公司,广东,佛山市顺德区大良街道新蚵范谓鸢褡酆鲜谐∧10、11号,0757-22288800,http://dealer.autohome.com.cn/2021420,
汕头市茂华汽车销售服务有限公司,广东,广东汕头市泰山路与黄河路交界处东南角,0754-88868051,http://dealer.autohome.com.cn/85820,
肇庆市美利汽车销售有限公司,广东,广东省肇庆市端州区东岗东路南侧126号,0758-2728822,http://dealer.autohome.com.cn/64699,
广州粤辰汽车有限公司,广东,广东省广州市天河区广汕一路297号,020―38087333,http://dealer.autohome.com.cn/2001477,
广州市明@昕商贸有限公司,广东,广州市番禺区番禺大道北677-687号,020-34808333,http://dealer.autohome.com.cn/2019497,
广州市鑫@盛汽车销售服务有限公司,广东,广东省广州市增城新塘镇广深大道西290号,020-82882260,http://dealer.autohome.com.cn/2028939,
广州启昊城汽车销售服务有限公司,广东,广东省广州市花都区建设北路232号,020-86889960,http://dealer.autohome.com.cn/2028158,
江门市天泰汽车销售服务有限公司,广东,广东省江门市新会区新会大道东11号,0750-6166222,http://dealer.autohome.com.cn/2003725,
湛江合华汽车贸易有限公司,广东,广东省湛江市区赤坎区海田路108号,0759-3132777,http://dealer.autohome.com.cn/2005033,
梅州市新天地汽车贸易有限公司,广东,广东省梅州市西郊黄塘村梅州市汽车贸易市场D区,0753-2341198,http://dealer.autohome.com.cn/13893,
揭阳市远志汽车销售有限公司,广东,广东省揭阳市榕城区环市北路与莲花大道交界处,0663-8263333,http://dealer.autohome.com.cn/2017710,
茂名市腾跃汽车有限公司,广东,广东省茂名市茂南开发区茂南大道一路83号五洲汽车城内中厅,0668-3385906,http://dealer.autohome.com.cn/2028255,
韶关市明洋广安汽车销售服务有限公司,广东,广东省韶关市韶南大道八公里处商铺,0751-8838833,http://dealer.autohome.com.cn/2028252,
珠海市恒越汽车贸易有限公司,广东,珠海市香洲区华威路105号,0756-8613111,http://dealer.autohome.com.cn/2023547,
泉州市铠驰汽车有限责任公司,福建,福建省泉州市晋江市紫帽镇湖盘村,0595-22106888,http://dealer.autohome.com.cn/2020773,
厦门运生贸易有限公司,福建,福建省厦门市湖里区枋钟路1919号,0592-5735000,http://dealer.autohome.com.cn/2029805,
厦门N保实业有限公司,福建,福建省厦门市同安区同集北路300号,0592-7022656,http://dealer.autohome.com.cn/2028189,
福州雄峰汽车维修服务有限公司,福建,福建省福州市仓山区葫芦镇名星汽车城内,0591-87331655,http://dealer.autohome.com.cn/15937,
漳州市锦绣贸易有限公司,福建,漳州市迎宾大道与龙翔北路交汇路口,0596-2109156,http://dealer.autohome.com.cn/2018968,
莆田市兴龙汽车销售服务有限公司,福建,莆田市涵江区埭里村324国道旁 ,0594-6082222,http://dealer.autohome.com.cn/2017125,
三明市长元汽车销售服务有限公司,福建,福建省三明市新市北路闽中汽车城,0598-8513888,http://dealer.autohome.com.cn/2022474,
宁德昌鸿汽车销售有限公司,福建,福建省宁德市蕉城南路88号,0593-2881888,http://dealer.autohome.com.cn/2021364,
邵武市龙祥汽车贸易有限公司,福建,福建省南平市西芹镇水溪口交通枢纽中心,0599-8816663,http://dealer.autohome.com.cn/2023743,
海南威信汽车销售服务有限公司,海南,海南省海口市南海大道141号,0898-36699888,http://dealer.autohome.com.cn/99684,
三亚丰正华实业有限公司,海南,三亚市迎宾路海防营汽车城,0898-88565797,http://dealer.autohome.com.cn/2020130,
海南合群汽车销售有限公司,海南,海口市秀英区南海大道与永万路交界处往椰海大道方向150米右拐（药谷九号路）,0898-68653118,http://dealer.autohome.com.cn/2017114,
河源市裕祥隆汽车销售有限公司,广东,广东省河源市河源大道桂山路口,0762-3837191,http://dealer.autohome.com.cn/65381,
中山市中盈汽车销售服务有限公司,广东,广东省中山市西区彩虹大道89号（沙朗市场正对面）,0760-88550266,http://dealer.autohome.com.cn/121432,
深圳市裕祥达贸易有限公司,广东,广东省深圳市龙岗区南通道南联社区植物园路144号百世汽车城四栋厂房B座铺,0755-84320301,http://dealer.autohome.com.cn/124027,
阳江市长安行汽车销售有限公司,广东,广东阳江市江城区高凉路与新江南路交界处,0662-3506888,http://dealer.autohome.com.cn/2028519,
惠州市裕祥隆汽车销售有限公司,广东,惠州市江北惠搏沿江路金山汽车城B1商铺,0752-2852171,http://dealer.autohome.com.cn/99654,
深圳市裕祥隆实业发展有限公司,广东,深圳市宝安区沙井街道后亭社区第二工业区56号长安大厦1楼,0755-88218480,http://dealer.autohome.com.cn/2004841,
东莞市森宝汽车贸易有限公司,广东,广东省东莞市寮步国际汽车城C-03-01号地块,0769-83525288,http://dealer.autohome.com.cn/129122,
东莞市永翔汽车销售服务有限公司,广东,东莞市南城区莞太大道周溪路段一号,0769-22882596,http://dealer.autohome.com.cn/2026184,
潮州市潮安区茂昌贸易有限公司,广东,广东省潮安县彩塘镇仙乐一村新潮汕公路西侧,0768-5225580,http://dealer.autohome.com.cn/99673,
广州市明煜商贸发展有限公司,广东,广东省广州市白云区广从快速路边城门河货运市场E栋,4008626339,http://dealer.autohome.com.cn/63098,
广东东瑞汽车服务有限公司,广东,广州市荔湾区芳村龙溪大道沙埠488号,020-81681666,http://dealer.autohome.com.cn/2020063,
广东华美易车投资有限公司,广东,广东省汕头市金平区潮汕路69号,0754-88108119,http://dealer.autohome.com.cn/67382,
佛山市顺德亚飞汽车销售有限公司,广东,佛山市顺德区大良广珠公路新松路段,0757-22688280,http://dealer.autohome.com.cn/110761,
中山市顺亚汽车销售有限公司,广东,广东省中山市火炬开发区江陵西路26号（岭峡驾校旁）,0760-89937773,http://dealer.autohome.com.cn/2021748,
揭阳市茂华汽车贸易有限公司,广东,揭阳市揭东区206国道港美村大门对面,0663-3199899,http://dealer.autohome.com.cn/10720,
湛江市驰骏汽车销售服务有限公司,广东,湛江市赤坎区东盛路7号海田国际车城内S24号,0759-3366560,http://dealer.autohome.com.cn/100200,
江门市美利汽车销售服务有限公司,广东,广东省江门市新会区会城冈州大道东68号,0750-6663616,http://dealer.autohome.com.cn/126714,
福州长安汽车销售有限公司,福建,福建省福州市仓山区城门镇龙江村竹楼工业区188号,0591-87242108,http://dealer.autohome.com.cn/15322,
泉州市民发汽车发展有限公司,福建,福建省泉州市鲤城区火炬工业区对面,0595-22350096,http://dealer.autohome.com.cn/63044,
晋江市民发汽车销售有限公司,福建,晋江市罗山镇缺塘村和平南路169号-19号,0595-85853555,http://dealer.autohome.com.cn/2005377,
海南丰众华长安汽车销售有限公司,海南,海南省海口市南海大道115号（福德汽车城内）,0898-66815005,http://dealer.autohome.com.cn/2019572,
海口威信实业有限公司,海南,海南省海口市南海大道141号,0898-36699888,http://dealer.autohome.com.cn/99684,
潮州茂庞汽车贸易有限公司,广东,广东省潮州市潮安县彩塘镇仙乐一村新潮汕公路大寨车站西侧,400-9198616,http://dealer.bitauto.com/100049507/index.html,
阳江市博驰汽车有限公司,广东,广东省阳江市金山路南侧（二运站往东600米）,0662-3411222,http://dealer.bitauto.com/100060293/index.html,
泉州锦辉贸易有限公司,福建,泉州市鲤城区南环路1689号长安汽车,0595-22352668,http://dealer.bitauto.com/100044022/index.html,
惠州市裕惠隆汽车销售有限公司,广东,惠州市惠南大道3栋数码工业园路口,0752-5337228,http://dealer.bitauto.com/100069983/index.html,
韶关市长安汽车销售有限公司,广东,广东省韶关市南郊四公里亿华汽车城内,0751-8283915,http://dealer.bitauto.com/100037384/index.html,
茂名市长安汽车销售有限公司,广东,茂名市高水公路南香路段京粤汽车城内,0668-2285575,http://dealer.bitauto.com/100020977/index.html,
珠海市兴利达汽车销售服务有限公司,广东,珠海市香洲区前山上冲国际名车城华宇路111号,0756-8589338,http://dealer.bitauto.com/100048039/index.html,
佛山市禅通汽车贸易有限公司,广东,南海区桂城街叠北社区村头三丫堂前(修改佛山市南海区文华北路4号）,0757-86258880,http://dealer.bitauto.com/100018231/index.html,
漳州市锦煌贸易有限公司,福建,漳州市迎宾大道吉马国际汽车城6A（7-9）,0596-2109176,http://dealer.bitauto.com/100036195/index.html,
清远市盛安汽车销售服务有限公司,广东,广东省清远市新城人民四路38号中汽南方汽车城内,0763-3253666,http://dealer.bitauto.com/100089040/index.html,
汕尾东润汽车有限公司,广东,汕尾市红草埔边海尾公路18公里南,,,
福建龙迪鑫汽车销售服务有限公司,福建,福建省龙岩市新罗区龙门镇物流园306号,,,
佛山市益田汽车有限公司,广东,广东省佛山市禅城区佛山一环与吉利大道交叉口西100米,,,
肇庆市宏利汽车销售服务有限公司,广东,肇庆市端州区肇庆大道肇庆学院往东150米,0758-2758822,,
厦门金汇海汽车服务有限公司,福建,福建省厦门市湖里区悦华路38-40号一层西北侧,0592-5688800,,
福建省比比汽车贸易有限公司,福建,泉州市鲤城区高新技术电子产业园区南环路934号,0595-29886999,,
陕西省汽车贸易公司,陕西,陕西省西安市天台南路006号（和平村十字向北200米路西）,029-89306710,http://dealer.autohome.com.cn/10770,
陕西天禾贸易有限公司,陕西,陕西省西安市沣渭区西宝疏导线52号,029-89114780,http://dealer.autohome.com.cn/10769,
渭南始源汽车服务有限责任公司,陕西,陕西省渭南市临渭区四马路中段（新宇苑A区9号商住楼）,0913-2023123,http://dealer.autohome.com.cn/99738,
安康禾晨贸易有限公司,陕西,陕西省安康市高新区316国道旁安康汽车城,0915-3359966,http://dealer.autohome.com.cn/2026527,
陕西德达汽车服务有限公司,陕西,陕西省渭南市高新区东风大街西段北侧,0913-2556888/4008689421,http://dealer.autohome.com.cn/2028264,
汉中市长安汽车销售有限公司,陕西,陕西省汉中市汉台区宗营镇韩塘村,0916-8198268,http://dealer.autohome.com.cn/2001598,
宝鸡市长安汽车销售有限责任公司,陕西,宝鸡市金台区陈仓大道新汉飞汽车城,0917-3437898,http://dealer.autohome.com.cn/14760,
宝鸡市悦通汽车贸易有限公司 ,陕西,陕西省宝鸡市渭滨区高新12路高新大道向东200米（长安福特4S店南邻）,0917-2665656,http://dealer.autohome.com.cn/2021616,
陕西福信汽车贸易有限公司,陕西,陕西省西安市未央区六村堡西三环边,029-89112999,http://dealer.autohome.com.cn/2026898,
延安长安汽车销售有限公司,陕西,陕西省延安市宝塔区柳林镇柳树巷延运加油站正对面（高坡桥捌弯处）,0911-2860610,http://dealer.autohome.com.cn/14437,
铜川市新区国伟汽车销售有限公司,陕西,陕西省铜川市新区长虹南路源康汽车城,0919-3159159,http://dealer.autohome.com.cn/2016421,
甘肃民通汽车维修服务有限公司,甘肃,甘肃省兰州市城关区北滨河路上徐家湾119号,0931-8321811/8321899,http://dealer.autohome.com.cn/81355,
张掖市宇通农机汽贸有限责任公司,甘肃,甘肃省张掖市下安村车管所斜对面张掖宇通汽车城,0936-8684088,http://dealer.autohome.com.cn/99706,
庆阳市西峰区金松汽车销售有限公司,甘肃,甘肃省庆阳市西峰区西环路北段东侧农资商城内,0934-6666188,http://dealer.autohome.com.cn/124821,
金昌市天汇宏通汽车销售有限公司 ,甘肃,甘肃省金昌市金川区泰安路25号,0935-8829333,http://dealer.autohome.com.cn/2028254,
宁夏瑞静汽车销售服务有限公司,宁夏,宁夏银川市清和北街1039号国际汽车城,0951-5686149,http://dealer.autohome.com.cn/2020868,
固原翔之星汽车销售服务有限公司,宁夏,宁夏省固原市三里铺家道汽车城内,0954-2930169,http://dealer.autohome.com.cn/2020790,
石嘴山恒信长盛汽车销售服务有限公司,宁夏,宁夏石嘴山市大武口区西环路旁恒信汽车市场,0952-4699666,http://dealer.autohome.com.cn/2027498,
陕西盛秦汽车销售服务有限公司,陕西,陕西省咸阳市秦都区双照镇北上召十字汽车产业园,029-33129911/33129922,http://dealer.autohome.com.cn/122497,
陕西长盛汽车销售服务有限公司,陕西,陕西省延安市宝塔区南二十里铺（尚家沟）延安金地葵花汽车城,0911-3333309,http://dealer.autohome.com.cn/100196,
陕西赛豪汽车服务有限公司,陕西,陕西省西安市朱宏路中段新北城市场南区2号,029-89607001,http://dealer.autohome.com.cn/125610,
陕西通盈汽车贸易有限公司,陕西,陕西省西安市未央区三桥西部车城内西门检测站对面,029-62861955,http://dealer.autohome.com.cn/2017713,
汉中海裕达汽车有限责任公司,陕西,陕西省汉中市经济开发区北区汉宝路15号,0916-2780888,http://dealer.autohome.com.cn/73160,
榆林市润德汽车销售服务有限公司,陕西,陕西省榆林市经济开发区草海则电厂路热电厂北侧,0912-3519555,http://dealer.autohome.com.cn/2027722,
中车集团兰州汽车工业有限公司,甘肃,甘肃省兰州市城关区东岗东路1068号（7437工厂院内）,0931-8491167,http://dealer.autohome.com.cn/10013,
兰州永佳汽车销售服务有限公司,甘肃,甘肃省兰州市七里河区南滨河中路1155号,0931-2583355,http://dealer.autohome.com.cn/2003418,
张掖市吉元汽贸有限公司,甘肃,甘肃省张掖市甘州区上秦镇李家湾村,0936-8588027,http://dealer.autohome.com.cn/2018882,
白银恒信长盛汽车销售服务有限公司,甘肃,甘肃省白银市白银区恒信大道与西环路交汇处,0943-8317888,http://dealer.autohome.com.cn/2027639,
庆阳金长安汽车销售有限公司,甘肃,甘肃省庆阳市西峰区庆化大道北段,0934-8688006,http://dealer.autohome.com.cn/2023501,
贺兰捷联汽车销售服务有限公司,宁夏,宁夏银川市德胜工业园区德成东路2号,0951-8956549,http://dealer.autohome.com.cn/65286,
吴忠市翔之星汽车销售服务有限公司,宁夏,宁夏省吴忠市利通区东塔工业园区国际汽车城,0953-2225819,http://dealer.autohome.com.cn/2003512,
宁夏翔之星汽车销售服务有限公司,宁夏,宁夏银川市贺兰县德胜工业园区正源北街延伸段,0951-8539606,http://dealer.autohome.com.cn/2023203,
天水新长安汽车销售有限公司,甘肃,甘肃省天水市麦积区花牛镇曹家埂村天水建工机械市场内,0938-2081155,http://dealer.autohome.com.cn/112701,
山西世纪鼎慧贸易有限公司,山西,山西省运城市盐湖区机场大道诺维兰汽车公园内,0359-2585666,http://dealer.autohome.com.cn/2028265,
运城市瑞联汽车销售服务有限公司,山西,山西省运城市盐湖工业园区南风大道3号,0359-8713601,http://dealer.autohome.com.cn/99679,
山西燕长风汽车贸易有限公司,山西,山西省太原市小店区太榆路15号迎宾桥南侧30米,0351-8728868,http://dealer.autohome.com.cn/85300,
山西昌安达汽车销售服务有限公司,山西,山西省太原市万柏林区新晋祠路110号,0351-6552188/8334788,http://dealer.autohome.com.cn/128509,
吕梁顺达汽车贸易有限公司,山西,山西省吕梁市离石区交口街道办乔家塔村汽贸园内,0358-8357977,http://dealer.autohome.com.cn/100189,
晋中祥圣物贸有限公司,山西,山西省晋中市榆次区汇通北路龙湖桥北300米路西,0354-2537888,http://dealer.autohome.com.cn/120011,
晋城市宏达实业有限公司,山西,山西省晋城市城区中原街661号,0356-8886996,http://dealer.autohome.com.cn/99688,
山西诺维兰集团河津瑞龙汽车销售有限公司,山西,山西省运城市河津市永兴路东段,0359-8715750,http://dealer.autohome.com.cn/2028802,
太原市诺维兰汽车贸易有限公司,山西,小店区汾东北路55号（滨河东路小店出入口南100米路西）,0351-7990600,http://dealer.autohome.com.cn/61694,
临汾市卡乐仕汽车销售服务有限公司,山西,山西省临汾市尧都区尧庙汽车站阿托物流,0357-3940899,http://dealer.autohome.com.cn/99683,
山西省长治市飞路汽车贸易有限公司,山西,山西省长治市太行北路圆通奥迪4S店北100米,0355-6016033,http://dealer.autohome.com.cn/71528,
阳泉香山金鑫汽车销售有限公司,山西,山西省阳泉市郊区李荫路黄沙岩段,0353-2565202,http://dealer.autohome.com.cn/99631,
晋城市振方商贸有限公司,山西,山西省晋城市中原西街705号,0356-6962663,http://dealer.autohome.com.cn/124051,
山西昌安通汽车销售有限公司,山西,山西省太原市太榆路86号,0351-7061618,http://dealer.autohome.com.cn/2023461,
山西祥瑜汽车销售服务有限公司,山西,山西省晋中市榆次区汇通北路鸣李段汽贸园,0354-3951222,http://dealer.autohome.com.cn/2019033,
陕西锦鑫融汽车销售服务有限公司,陕西,陕西省商洛市商州区赵湾村大山汽车城,0914-2035555,http://dealer.bitauto.com/100073431/index.html,
酒泉安联汽车销售服务有限公司,甘肃,甘肃省酒泉市肃州区西郊工业园区纬一路北侧,0937-2888028,http://dealer.bitauto.com/100036363/index.html,
定西市红安汽车贸易有限公司,甘肃,甘肃省定西市安定区南川开发区（南川加油站向南600米）,0932-8689859,http://dealer.bitauto.com/100046313/index.html,
武威银迪汽贸有限公司,甘肃,甘肃省武威市盘旋路向西200米,0935-2588222,http://dealer.bitauto.com/100075641/index.html,
陇南顺达汽车销售有限公司,甘肃,甘肃省陇南市武都区吉石坝,0939-8890689,http://dealer.bitauto.com/100089077/index.html,
平凉市金马汽车销售服务有限公司,甘肃,甘肃省平凉市崆峒区八里桥八里村,0933-8889996,http://dealer.bitauto.com/100064176/index.html,
天水嘉德汽车销售服务有限公司,甘肃,甘肃省天水市麦积区华世汽车城东风风行店隔壁,0938-2821111,http://dealer.bitauto.com/100117391/index.html,
平凉嘉益汽车销售服务有限公司,甘肃,甘肃省平凉市崆峒区仁河汽配城东侧200米,0933-8888099,http://dealer.bitauto.com/100058345/index.html,
武威安驰腾飞汽车销售服务有限公司,甘肃,甘肃省武威市凉州区天马大道中段财发汽车城内,0935-6100678,http://dealer.bitauto.com/100084644/index.html,
甘肃润丰汽车销售服务有限公司,甘肃,甘肃省白银市白银区王岘西路37号,0943-8302999,http://dealer.bitauto.com/100057164/index.html,
侯马市风华汽车销售服务有限公司,山西,山西省侯马市新田东路亚欧桥市场A区2号楼一层北侧,0357-4161609,http://dealer.bitauto.com/100069083/index.html,
长治市飞路通达汽车销售有限公司,山西,山西省长治市城区西二环路2 号(北寨汽车园),0355-2082419,http://dealer.bitauto.com/100035130/index.html,
山西省忻州汽车工业贸易有限公司,山西,山西省忻州市开发区二十里铺汽车城,0350-3399102,http://dealer.bitauto.com/100028124/index.html,
运城市通达汽车销售服务有限公司,山西,运城市经济技术开发区大运路北,0359-2586567,http://dealer.bitauto.com/100030451/index.html,
朔州市义诚信商贸有限公司,山西,山西省朔州市大运路北环秋寺院村南,0349-8800098,http://dealer.bitauto.com/100076096/index.html,
临汾瑞东汽车销售有限公司,山西,山西省临汾市高河桥南50米,0357-2882688,http://dealer.bitauto.com/100102927/index.html,
大同市辰风汽车贸易有限责任公司,山西,山西省大同市南郊区十里河西延伸段（庞大汽车文化广场 2号店）号,0352-2017666,http://dealer.xcar.com.cn/111746/      ,
咸阳福信汽车贸易有限公司,陕西,陕西省咸阳市北上召汽车产业园,,,
宝鸡市长安汽车销售有限责任公司高新轿车店,陕西,陕西省宝鸡市高新13路华城汽车产业园,0917-2758555,,
甘肃山城汽车销售有限公司,甘肃,甘肃省临夏回族自治州临夏市滨河南路,0930-6665877,,
大同市智玖汽车服务有限公司,山西,山西省大同市开发区恒安大街31号,0352-6095333,,
重庆丰尚汽车销售有限公司,重庆,重庆市北部新区金渝大道99号附27号汽博中心C区,023-67880202,http://dealer.autohome.com.cn/10728,
重庆骐兴汽车销售有限公司,重庆,重庆市南川区东胜亿联建材汽车城,023-71690999,http://dealer.autohome.com.cn/2028258,
云南万友汽车销售服务有限公司大理分公司,云南,云南省大理市凤仪镇千户营村丰赢汽车城内,0872-3157127（15750240725)(移动座机）,http://dealer.autohome.com.cn/99685,
重庆翔嘉汽车销售服务有限公司万州分公司,重庆,重庆市万州区龙都大道390号（万州国际汽车机电贸易城）,023-61018996,http://dealer.autohome.com.cn/2028846,
成都万友翔宇汽车销售服务有限公司,四川,成都市火车南站西路1699号A区（石羊场客运中心站斜对面）,028-85111991,http://dealer.autohome.com.cn/10764,
成都万友翔宇汽车销售服务有限公司泸州分公司,四川,四川省泸州市龙马潭区希望大道88号,0830-2299333,http://dealer.autohome.com.cn/119006,
四川通海汽车销售有限责任公司,四川,成都市青羊区日月大道一队933号,028-87465656,http://dealer.autohome.com.cn/82887,
成都捷好佳车业有限公司,四川,成都市双流县西南航空港经济开发区空港四路1609号,028-85887111,http://dealer.autohome.com.cn/2021609,
绵阳中驰车业有限责任公司,四川,绵阳市高新区永兴镇绵兴中路257号,0816-2606111,http://dealer.autohome.com.cn/6217,
南充明云掀新车业有限公司,四川,南充市高坪区机场大道东顺路68号,0817-2668888,http://dealer.autohome.com.cn/99674,
三台安驰汽车销售服务有限公司,四川,四川省绵阳市三台县乐安镇福利村4号地,0816-5992888,http://dealer.autohome.com.cn/2003503,
重庆万友都成汽车销售服务有限公司,重庆,重庆市万州区沙龙路三段1988号,023-85725111,http://dealer.autohome.com.cn/2016179,
重庆万友行健汽车销售服务有限公司,重庆,重庆市渝中区大溪沟嘉滨路246号,023-63605050,http://dealer.autohome.com.cn/60123,
重庆万友经济发展有限责任公司合川分公司,重庆,重庆市合川区工业园区高阳村3社,023-64291166,http://dealer.autohome.com.cn/2003504,
重庆万友龙骏汽车销售服务有限公司,重庆,重庆市黔江区高速路册山收费站出口前50米处,023-79339372,http://dealer.autohome.com.cn/2028498,
重庆骏德艾普汽车科技股份有限公司,重庆,重庆市渝北区红石路266号,023-86078800,http://dealer.autohome.com.cn/10727,
重庆骏德辰宇汽车销售有限公司,重庆,重庆市潼南县创来大道重庆辰宇汽车园内,023-44416888,http://dealer.autohome.com.cn/2028259,
重庆鹰华汽车销售服务有限公司,重庆,重庆市九龙坡区龙泉路水碾村8号 ,023-86166888,http://dealer.autohome.com.cn/126219,
秀山盛达汽车销售有限公司,重庆,重庆市秀山县中和街道物流园区武陵汽博中心A4-3房,023-87980888,http://dealer.autohome.com.cn/2003540,
重庆万友经济发展有限责任公司开县分公司,重庆,重庆市开县开州大道西段,023-52970666,http://dealer.autohome.com.cn/126484,
重庆聚福汽车销售服务有限责任公司,重庆,重庆市壁山县壁青北路794号,023-64317555,http://dealer.autohome.com.cn/2016476,
重庆车谷汽车销售有限公司,重庆,重庆市巴南区渝南大道大山村轻轨站附属建筑楼一层,023-62338899,http://dealer.autohome.com.cn/2016575,
云南万友汽车销售服务有限公司,云南,云南省昆明市高新区科高小屯国际汽车城M2-4号,0871-68316866,http://dealer.autohome.com.cn/2023389,
云南万友汽车销售服务有限公司保山分公司,云南,云南省保山市隆阳区永昌路240号,0875-2235206,http://dealer.autohome.com.cn/99682,
云南万友汽车销售服务有限公司玉溪分公司,云南,云南省玉溪市高新区明珠路126号,0877-2061038,http://dealer.autohome.com.cn/85780,
云南万友汽车销售服务有限公司普洱分公司,云南,普洱市思茅区工业开发区北连接线普洱路,0879-2203577,http://dealer.autohome.com.cn/2028322,
云南万友汽车销售服务有限公司曲靖分公司,云南,云南省曲靖市麒麟区曲沾大道横三路古镇汽车市场D区7-8号,0874-3184122,http://dealer.autohome.com.cn/82269,
云南京润通汽车销售服务有限公司,云南,云南省昆明市盘龙区东三环路虹桥村东侧,0871-63857111,http://dealer.autohome.com.cn/62807,
文山万合瑞汽车销售服务有限公司,云南,云南省文山市城南大道国际汽车城内4SD-01号,0876-2626166,http://dealer.autohome.com.cn/2017785,
楚雄万合瑞汽车销售服务有限公司,云南,云南省楚雄市开发区楚雄滇中汽车城 ,0878-3028750,http://dealer.autohome.com.cn/2019854,
临沧万合汽车销售服务有限公司,云南,云南省临沧市临翔区缅宁大道南亚汽车主题园内,0883-2158899,http://dealer.autohome.com.cn/2020246,
德宏万合汽车销售服务有限公司,云南,云南省德宏州芒市团结大街228号宏利汽车城内,0692-2291877,http://dealer.autohome.com.cn/2018096,
贵阳京黔盛汽车销售有限公司,贵州,贵州省贵阳市花溪区孟关国际汽车城杨孟路4号,0851-88259998,http://dealer.autohome.com.cn/125835,
贵州万友汽车销售服务有限公司花溪分公司,贵州,贵州省贵阳市四方河路57号,0851-83710333,http://dealer.autohome.com.cn/10741,
贵州万友汽车销售服务有限公司凯里分公司,贵州,贵州省凯里市二龙路中国石油加油站对面,0855-8126802,http://dealer.autohome.com.cn/71357,
贵州思科劲达汽车销售服务有限公司,贵州,贵州省贵阳清镇市东门桥济辉汽车城,0851-82577290,http://dealer.autohome.com.cn/128585,
遵义市龙马汽车销售有限公司,贵州,贵州省遵义市遵义县龙坑汽博城9号楼,0851-27309228,http://dealer.autohome.com.cn/121985,
黔西南州长顺汽车销售服务有限责任公司,贵州,贵州省兴义市坪东大道西湖路交叉处,0859-3815118,http://dealer.autohome.com.cn/2028847,
成都万友翔宇汽车销售服务有限公司锦城分公司,四川,四川省成都市龙泉驿区驿都大道大面政府旁,028-88468800,http://dealer.autohome.com.cn/2017113,
四川省众诚实业有限责任公司双流分公司,四川,四川省成都市双流县东升镇龙桥路155号,028-85857144,http://dealer.autohome.com.cn/127360,
四川省众诚实业有限责任公司武侯分公司,四川,四川省成都市武侯区货运大道华勋汽车工业园,028-85373949,http://dealer.autohome.com.cn/126549,
四川省众诚实业有限责任公司郫县分公司,四川,四川省成都市郫县老成灌路文星村（郫县客运站对面）,028-87915730,http://dealer.autohome.com.cn/11837,
自贡四达翔荣汽车销售服务有限公司,四川,四川省自贡市自流井区汇东汇川路84号B栋,0813-8257052,http://dealer.autohome.com.cn/99694,
宜宾建中锦盛汽车销售服务有限公司,四川,宜宾市翠屏区翠柏大道东段36号,0831-8308988,http://dealer.autohome.com.cn/2004651,
西昌市新富通汽车销售服务有限公司,四川,四川省西昌市航天大道西客站段,0834-2189978,http://dealer.autohome.com.cn/65401,
广安骏安达汽车有限公司,四川,广安市建安北路蓝色港湾366号1-4号门市,0826-2678006,http://dealer.autohome.com.cn/114142,
乐山万丰车业有限责任公司,四川,四川省乐山市市中区通江镇王河村3组,0833-2454111,http://dealer.autohome.com.cn/86166,
遂宁骏骐汽车有限公司,四川,四川省遂宁市中国西部现代物流港工业园区,0825-5806668,http://dealer.autohome.com.cn/125378,
达州骏意汽车有限公司,四川,四川省达州市达县杨柳工业配套园区,0818-2322188,http://dealer.autohome.com.cn/124035,
阆中华智汽贸有限公司,四川,四川省阆中市七里新区七里大道389号,0817-6332999,http://dealer.autohome.com.cn/129266,
德阳富马汽车销售服务有限公司,四川,四川省德阳市八角井工业园区捷泰汽贸城,0838-2601828,http://dealer.autohome.com.cn/128317,
攀枝花市海客峰商贸有限责任公司,四川,四川省攀枝花市天宇路新车管所旁,0812-2226666,http://dealer.autohome.com.cn/2019844,
成都万友经济技术开发总公司巴中分公司,四川,四川省巴中市巴州区兴文开发区秦巴大道火车站旁,0827-5013511,http://dealer.autohome.com.cn/2030127,
重庆万友经济发展有限责任公司江南分公司,重庆,重庆市南岸区学府大道42（六公里）临街一楼A、B区,023-62751212,http://dealer.autohome.com.cn/15780,
重庆万友经济发展有限责任公司南坪分公司,重庆,南坪店地址：重庆市南岸区海峡路中石油加油站旁,023-62780666,http://dealer.autohome.com.cn/10729,
重庆鹰王汽车销售有限公司,重庆,"重庆市九龙坡区九龙园火炬大道13号
新店地址：重庆市九龙区创业大道1号",023-86172220,http://dealer.autohome.com.cn/60039,
重庆市潼南区鹰王源富汽车销售有限公司,重庆,重庆市潼南县工业园区C线,023-81650888,http://dealer.autohome.com.cn/2015796,
重庆万友经济发展有限责任公司长寿分公司,重庆,重庆市长寿区平湖路黄桷雅居旁,023-40464966,http://dealer.autohome.com.cn/2018985,
重庆市江津区宏达机车销售有限责任公司,重庆,重庆市江津区几江鼎山大道蜀果4号楼1-2-3号,023-47562130,http://dealer.autohome.com.cn/120795,
重庆万友经济发展有限责任公司大足分公司,重庆,重庆市大足区龙水镇工业园区,023-43402366,http://dealer.autohome.com.cn/2019375,
重庆万友经济发展有限责任公司铜梁分公司,重庆,重庆市铜梁县金龙大道,023-45697276,http://dealer.autohome.com.cn/2021656,
云南翔宇汽车销售服务有限公司,云南,云南省昆明市五华区二环西路C6-3地块附429号,0871-65090599,http://dealer.autohome.com.cn/124022,
昆明恒遥汽车销售有限公司,云南,云南省昆明市盘龙区郭家凹寺瓦路与金瓦路交汇处（朝九晚五小区旁）,0871-68529852,http://dealer.autohome.com.cn/124058,
云南万友汽车销售服务有限公司昭通分公司,云南,昭通市昭阳区太平办事处石渣河社区,0870-2228062,http://dealer.autohome.com.cn/99724,
云南万友汽车销售服务有限公司开远分公司,云南,开远市灵泉路与智源路交叉口,0873-7230128,http://dealer.autohome.com.cn/99726,
曲靖丰麒商贸有限公司,云南,云南省曲靖市沾益县西平镇太平村委会龙华大道东侧,0874-3035222,http://dealer.autohome.com.cn/126654,
贵州万友汽车销售服务有限公司兴义分公司,贵州,贵州省兴义市桔山路瑞金大道旁,0859-3330899,http://dealer.autohome.com.cn/112239,
贵州毕节贵安经贸有限公司,贵州,贵州省毕节市双山开发区小瓦路,0857-7187777,http://dealer.autohome.com.cn/2023356,
贵州安顺长安经贸有限公司,贵州,贵州省安顺市开发区王庄村委楼旁,0851-33323639,http://dealer.autohome.com.cn/2019729,
贵州胜鑫顺源汽车销售服务有限公司,贵州,贵州省清镇市红枫汽车城,0851-88202360,http://dealer.autohome.com.cn/2019790,
遵义市龙驹汽车销售有限公司,贵州,贵州省遵义市汇川区东联大道,0851-28607720,http://dealer.autohome.com.cn/2021836,
都江堰市宣池汽车销售服务有限公司,四川,四川省成都市都江堰市幸福镇永丰村二组,028-61947297,http://dealer.autohome.com.cn/116366,
四川鑫虹汽车贸易有限责任公司,四川,四川省成都市新津县花桥镇龚巷村,028-82438888,http://dealer.autohome.com.cn/129273,
成都再新汽车贸易有限公司,四川,成都市温江区公平镇太级路口,028-82637555,http://dealer.autohome.com.cn/129271,
广汉市车友汽车销售有限责任公司,四川,四川省广汉市中山大道南二段100号,0838-5105782,http://dealer.autohome.com.cn/99713,
西双版纳一捷经贸有限公司,云南,云南省西双版纳景洪工业园区（嘎栋片区）南溪大道6号,0691-8990000,http://dealer.autohome.com.cn/2004648,
丽江长安经贸有限公司,云南,云南省丽江市香格里拉大道万通汽车城内,0888-5110809,http://dealer.autohome.com.cn/13923,
贵州金恒生汽车服务有限公司,贵州,贵州省铜仁市莲花大道（铜仁高速路南收费站700米处）,0856-6990888,http://dealer.autohome.com.cn/118536,
遵义文安汽车贸易有限公司 ,贵州,贵州省遵义市汇川区董公寺镇和平村汇川汽车城11号地,0851-28798000,http://dealer.autohome.com.cn/2028729,
奉节县翔曜汽车销售有限公司 ,重庆,重庆市奉节县朱衣镇清水十字路口,023-56690000,http://dealer.bitauto.com/100115218/?leads_source=p036001,
成都万友翔宇汽车销售服务有限公司德阳分公司,四川,四川省德阳市旌阳区天元镇黄连桥村6组一环路西段 ,0838-2602800,http://dealer.bitauto.com/100029875/index.html,
遂宁万友翔宇汽车销售服务有限公司,四川,遂宁市船山区经济技术开发区明月路436号,0825-2331158,http://dealer.bitauto.com/100039792/index.html,
成都万友翔宇汽车销售服务有限公司攀枝花分公司,四川,攀枝花市仁和区渡仁西县迤沙拉大道631号（516台旁）,0812-2250516,http://dealer.bitauto.com/100034042/index.html,
雅安万友汽车销售服务有限公司,四川,四川省雅安市多营镇长安路32号,0835-2610786,http://dealer.bitauto.com/100047356/index.html,
成都万友经济技术开发总公司乐山分公司,四川,四川省乐山市绵竹镇高坝村1组,0833-2602501,http://dealer.bitauto.com/100034044/index.html,
成都万友经济技术开发总公司宜宾分公司,四川,四川省宜宾市翠屏区江北高速客运站侧面,0831-2381529,http://dealer.bitauto.com/100034045/index.html,
达州骏翔汽车有限公司,四川,四川省达州市西外金龙大道96号天悦名居A幢负一层2号,0818-2629666,http://dealer.bitauto.com/100075838/index.html,
自贡市四达汽车贸易有限公司,四川,四川省自贡市贡井区长土镇洞桥村9组,0813-8112211,http://dealer.bitauto.com/100028440/index.html,
广安骏德艾普汽车有限公司,四川,四川省广安市护安国际汽车园,0826-2820666,http://dealer.bitauto.com/100117829/index.html,
大邑县向阳汽车贸易有限公司,四川,四川省成都市大邑县晋原镇雪山大道一段156号,028-88220234,http://dealer.bitauto.com/100092183/index.html,
重庆万友经济发展有限责任公司永川分公司,重庆,重庆市永川区昌州大道中段629号,023-61177718,http://dealer.bitauto.com/100048852/index.html,
昭通万佳汽车销售有限公司,云南,云南省昭通市昭阳区工业园区XQ11-2号国际玩具城斜对面,0870-6637666,http://dealer.bitauto.com/100115241/index.html,
贵州万友汽车销售服务有限公司安顺分公司,贵州,贵州省安顺市西秀区货场路76号（新旧车交易市场内）,0851-33641982,http://dealer.bitauto.com/100049719/index.html,
成都万友翔宇汽车销售服务有限公司绵阳分公司,四川,四川省绵阳市经开区绵州大道中段6号,0816-6396111,http://dealer.bitauto.com/100034041/index.html,
成都万友翔宇汽车销售服务有限公司广元分公司,四川,四川省广元市市中区南河海口路8号,0839-3307337,http://dealer.bitauto.com/100034043/index.html,
泸州万友汽车服务有限公司,四川,四川省泸州市江阳区蓝安路川南国际汽车公园内,0830-6666689,http://dealer.bitauto.com/100034047/index.html,
成都万友翔宇汽车销售服务有限公司新都分公司,四川,四川省成都市新都区新东村3社,028-83039639,http://dealer.bitauto.com/100034046/index.html,
彭州市宏达车业有限公司,四川,四川省成都市彭州市天彭大道608号,028-83702992,http://dealer.bitauto.com/100056310/index.html,
内江万友汽车销售服务有限公司,四川,四川省内江市市中区甜城大道492号,0832-2202888,http://dealer.bitauto.com/100047349/index.html,
重庆骏德艾普汽车科技股份有限公司北碚分公司,重庆,重庆市北碚区金华路468号,023-68223558,http://dealer.bitauto.com/100106428/index.html,
云阳县宏泰物资有限责任公司,重庆,重庆市云阳县青龙街道移民大道808号,023-55522555,http://dealer.bitauto.com/100082801/index.html,
云南翔宇汽车销售服务有限公司玉溪分公司,云南,云南省玉溪市红塔区太极路中段（联元医院旁）,0877-8898186,http://dealer.bitauto.com/100085600/index.html,
云南万友汽车销售服务有限公司下关分公司,云南,云南省大理下关经济开发区大凤路天翼名车城旁,0872-2420666,http://dealer.bitauto.com/100104455/index.html,
贵州万友汽车销售服务有限公司,贵州,贵州省贵阳市花溪区孟关汽车城二期,0851-83960604,http://dealer.bitauto.com/100019077/index.html,
贵州万友汽车销售服务有限公司六盘水分公司,贵州,贵州省六盘水市钟山大道官寨搬迁街长安4S店,0858-8976386,http://dealer.bitauto.com/100106512/index.html,
贵州万友汽车销售服务有限公司毕节分公司,贵州,贵州省毕节市梨树镇二堡村（原二堡收费站）,0857-8639967,http://dealer.bitauto.com/100086154/index.html,
贵州万友汽车销售服务有限公司都匀分公司,贵州,贵州省都匀市开发区龙山大道,0854-8193089,http://dealer.bitauto.com/100040512/index.html,
贵州万友汽车销售服务有限公司乌当分公司,贵州,贵州省贵阳市新庄村水东路1号,0851-88554738,http://dealer.bitauto.com/100086724/index.html,
巴中万友汽车销售服务有限公司,四川,巴中市巴州区江北大道邮政局大楼底层门市,0827-5268955,http://dealer.bitauto.com/100080638/index.html,
成都万友翔宇汽车销售服务有限公司眉山分公司,四川,四川省眉山市东坡区三苏大道358号,028-38605588,http://dealer.bitauto.com/100034040/index.html,
成都万友经济技术开发总公司资阳分公司,四川,四川省资阳市大千路长安汽车超市（拉丝厂对面）,028-26129127,http://dealer.bitauto.com/100036744/index.html,
云南万友汽车销售服务有限公司蒙自分公司,云南,云南省红河州蒙自市天马路延长线市人民医院对面,0873-3942287,http://dealer.xcar.com.cn/108974/,
重庆翔嘉汽车销售服务有限公司,重庆,重庆市万州区外贸路5号,023-58890010,,
开县翔嘉汽车销售服务有限公司,重庆,重庆市开县汉丰街道永兴社区迎宾路32号,023-52222633,,
四川省众诚实业有限责任公司,四川,四川省成都市成华区东三环二段85号华泰路口,028-84215038,,
内江市致坤汽车销售有限公司,四川,四川省内江市市中区汉渝大道616号附4号,,,
汶川宣池联盟汽车技术服务有限公司,四川,四川省阿坝藏族羌族自治州汶川县雁门乡,0837-6213888,,
广元希尔汽车销售服务有限公司,四川,四川省广元市利州区九广汽车园,0839-3226222,,
重庆万友经济发展有限责任公司,重庆,重庆市南岸区海峡路中石油加油站旁,023-62780666,,
重庆骏福汽车销售有限公司,重庆,重庆市江津区双福工业园区拆迁安置综合楼A区1幢,023-47881299,,
重庆市涪陵梅林实业有限公司,重庆,重庆市涪陵区兴华西路44号（董家湾加油站旁）,023-72218666,,
重庆市安西商贸有限公司,重庆,重庆市荣昌县工业园区,023-46336333,,
重庆翔安汽车销售服务有限公司,重庆,重庆市綦江区文龙街道通惠大道56号嘉惠新城附18号至36号  ,023-48406999,,
重庆华江汽车服务有限公司,重庆,重庆市梁平县双桂街道开发区,023-53580518,,
贵州万友汽车销售服务有限公司毕节翔宇分公司,贵州,贵州省毕节市双山开发区小瓦路,0857-8639967,,
遵义晓安汽车贸易有限公司,贵州,遵义市海尔大道,0852-8420168,,
南充明云兴安车业有限公司,四川,南充市高坪区航空大道东顺路68号,0817-3357066,,
四川三禾快洁汽车服务有限公司,四川,四川省眉山市仁寿县仁寿大道延伸线汽车服务园,,,
重庆丰尚汽车销售有限公司汽博分公司,重庆,重庆市经开区经开园金渝大道99号附24号第一层,023-67468585,,
重庆世领汽车销售服务有限公司,重庆,重庆市合川区工业园区重庆市正腾实业有限公司北部汽车园7号房屋,,,
重庆商社汽车贸易有限公司,重庆,重庆市永川区回龙大道9-2号,,,
云南万友汽车销售服务有限公司腾冲分公司,云南,云南省保山市腾冲县腾越镇华严路口腾冲金马中运汽车城内,0875-5167866,,
重庆长安专用汽车有限公司,重庆,重庆市渝北区龙溪镇松牌路100号,023-61891680,,
鄂尔多斯市鑫安诚汽车销售有限公司,内蒙古,内蒙古鄂尔多斯市东胜区塔拉壕镇铜川汽车城,0477-3993318,http://dealer.autohome.com.cn/71324,
赤峰富雅迪工贸有限公司,内蒙古,内蒙古赤峰市红山区桥北区物流园购置税大厅北200米,0476-8772529,http://dealer.autohome.com.cn/68779,
巴彦淖尔市洪兴汽贸有限责任公司,内蒙古,内蒙古巴彦淖尔市保税物流园区,0478-8220088,http://dealer.autohome.com.cn/123092,
包头市盛世金安汽车销售服务有限公司,内蒙古,内蒙古包头市稀土高新区稀土路21号,0472-5212777,http://dealer.autohome.com.cn/2005186,
锡林浩特市恒瑞汽车销售服务有限公司,内蒙古,内蒙古锡林浩特市火车站北400米二连路利丰汽车园区内,0479-6981118,http://dealer.autohome.com.cn/2028323,
内蒙古信达通汽车贸易有限公司,内蒙古,内蒙古呼和浩特市金海路与西二环交汇处西南角亿丰综合楼一楼,0471-3605528,http://dealer.autohome.com.cn/119541,
通辽市大鹏润达汽车贸易有限公司,内蒙古,通辽市经济技术开发区瑞丰汽贸物料园区L1区,0475-8883977,http://dealer.autohome.com.cn/2021766,
兴安盟龙翔汽车贸易有限公司,内蒙古,内蒙古乌兰浩特市北物流园区经五路汽贸城西侧门市,0482-8215678  ,http://dealer.autohome.com.cn/2018094,
包头市泓程贸易有限公司,内蒙古,内蒙古包头市稀土开发区稀土路恒通汽车城包头泓程长安轿车4S店,0472-5102654,http://dealer.autohome.com.cn/74802,
乌兰浩特市立扬汽车销售有限公司,内蒙古,内蒙古兴安盟乌兰浩特市新桥东街物流中心道北,0482-2230805,http://dealer.autohome.com.cn/2028280,
察右前旗金海龙工贸有限公司,内蒙古,内蒙古自治区乌兰察布市察哈尔汽贸园区内,0474-2263111,http://dealer.autohome.com.cn/2005417,
哈尔滨市昊业汽车销售有限公司,黑龙江,黑龙江省哈尔滨市平房区哈南工业新城松花路西侧,0451-51871777,http://dealer.autohome.com.cn/10743,
大连汽贸集团盛泽汽车销售服务有限公司,辽宁,辽宁省大连市甘井子区华东路45号,0411-86602186,http://dealer.autohome.com.cn/125622,
大连润泽汽车销售服务有限公司,辽宁,辽宁省大连市华北路429号B区,0411-82288800,http://dealer.autohome.com.cn/2021502,
营口华瑞汽车销售服务有限公司,辽宁,辽宁省营口市工农路61号,0417-662999,http://dealer.autohome.com.cn/129178,
大庆市盛鑫汽车销售维修有限公司,黑龙江,黑龙江省大庆市高新区庆新大街9号,0459-8106488,http://dealer.autohome.com.cn/77274,
延吉市东山汽车贸易有限公司,吉林,延吉市人民路东端南侧热电厂斜对面,0433-2619111,http://dealer.autohome.com.cn/2019080,
吉林省华泽汽车贸易有限公司,吉林,吉林省长春市经济技术开发区欧美工业园15号楼,0431-81711777,http://dealer.autohome.com.cn/121753,
长春市建达汽车销售服务有限公司,吉林,长春市汽车产业开发区长沈路与西四环路交汇,0431-88452888,http://dealer.autohome.com.cn/2021612,
松原建达汽车销售服务有限公司,吉林,松原市江南工业园区松原大路0009号,0438-2662999,http://dealer.autohome.com.cn/2026149,
辽宁宇宸汽车销售有限公司,辽宁,辽宁省沈阳市沈河区东陵西路46-1号,024-88413222,http://dealer.autohome.com.cn/12091,
朝阳鑫汇丰汽车销售有限公司,辽宁,辽宁省朝阳市柳城镇腰而营子村1C号整座,0421-7285999,http://dealer.autohome.com.cn/2021683,
铁岭华盛汽车销售服务有限公司,辽宁,辽宁省铁岭市铁岭县经济开发区机动车交易市场园区长江路7号,024-79090777,http://dealer.autohome.com.cn/2020234,
丹东长汇汽车销售服务有限公司,辽宁,辽宁省丹东市振兴区花园路26号,0415-2255678,http://dealer.autohome.com.cn/2028267,
哈尔滨鑫长安汽车销售有限公司,黑龙江,哈尔滨市道里区机场路30号,0451-84359866,http://dealer.autohome.com.cn/99678,
哈尔滨畅路汽车销售有限公司,黑龙江,黑龙江省哈尔滨市哈同工路2.5公里处,0451-82046677,http://dealer.autohome.com.cn/2028859,
齐齐哈尔市世宇汽车销售有限公司,黑龙江,黑龙江省齐齐哈尔铁锋区联通大道汽贸城309-6号,0452-2584111,http://dealer.autohome.com.cn/68872,
绥化市汇鑫汽车销售有限公司,黑龙江,黑龙江省绥化市北林区二号路与科研路交叉口温馨家园西侧地块,0455-6880626,http://dealer.autohome.com.cn/2021830,
延边金凯汽车销售服务有限公司,吉林,吉林省延吉市长白山东路1198号门市,0433-5080777,http://dealer.autohome.com.cn/2003450,
长春市睿铭汽车贸易有限公司,吉林,吉林省长春市绿园区普阳街路58号,0431-87615877,http://dealer.autohome.com.cn/124115,
吉林市长星汽车贸易有限责任公司,吉林,吉林省吉林市吉丰东路,0432-66189500,http://dealer.autohome.com.cn/99692,
松原市子余汽车销售有限公司,吉林,吉林省松原市经济技术开发区镜湖区青年大街1350号（单家围子建材市场西200米）,0438-2163336,http://dealer.autohome.com.cn/2231,
白城市鹏宇车展有限公司,吉林,吉林省白城市幸福南大街立交桥北,0436-3673688,http://dealer.autohome.com.cn/14418,
通化兆元汽车销售服务有限公司,吉林,吉林省通化市新胜北路928号,0435-3443555,http://dealer.autohome.com.cn/2005518,
辽宁华威汽车销售服务有限公司,辽宁,沈阳市铁西区北二中路33-1号,024-25529777,http://dealer.autohome.com.cn/11783,
大连瑞霖汽车贸易有限公司,辽宁,大连市甘井子区北市汽车城A区2号楼,0411-86519111,http://dealer.autohome.com.cn/128478,
大连新美联盛金汽车销售服务有限公司,辽宁,大连市甘井子区迎金路20号,0411-86748888,http://dealer.autohome.com.cn/2021295,
锦州金帝汽车销售服务有限公司,辽宁,辽宁省锦州市太和区果树农场薛东村213-1号,0416-2913333,http://dealer.autohome.com.cn/2003509,
绥中县经纬汽车销售有限公司,辽宁,辽宁省葫芦岛市绥中县马家新村219号,0429-6145666,http://dealer.autohome.com.cn/125179,
辽阳市鑫丰汽车销售服务有限公司,辽宁,辽宁省辽阳市宏伟区南环街,0419-2523333,http://dealer.autohome.com.cn/77321,
白山市城东名车销售服务有限公司,吉林,吉林省白山市浑江区北安大街288号,0439-3599000,http://dealer.autohome.com.cn/2021292,
佳木斯华澳汽车销售服务有限公司,黑龙江,佳木斯友谊路东段1号（西站社区）,0454-8778777,http://dealer.autohome.com.cn/99696,
辽宁宇宸汽车销售有限公司抚顺分公司,辽宁,辽宁省抚顺市望花区经济开发区丹东路西段83号,024-56798889,http://dealer.autohome.com.cn/100197,
四平建达汽车销售服务有限公司,吉林,吉林省四平市铁东区经济开发大路5777号,0434-5112777,http://dealer.autohome.com.cn/2019701,
阜新鹏跃汽车销售服务有限公司,辽宁,辽宁省阜新市经济开发区C路100号,0418-6682888,http://dealer.autohome.com.cn/123171,
青海金岛长福汽车销售有限公司,青海,青海西宁市东川工业园区昆仑东路6号,0971-8823235,http://dealer.autohome.com.cn/124458,
乌鲁木齐融汇天和汽车贸易有限公司,新疆,新疆乌鲁木齐市鲤鱼山北路1号赛博特国际汽车城B-02-02,0991-3638080,http://dealer.autohome.com.cn/2028893,
新疆汇众天悦汽车贸易有限公司,新疆,新疆乌鲁木齐市头屯河区头屯河公路2345号天恒基国际汽车文化城3-1,0991-3182000,http://dealer.autohome.com.cn/2025833,
喀什通工长安汽车销售服务有限公司,新疆,新疆喀什市深圳产业园创业八路,0998-2679000,http://dealer.autohome.com.cn/71538,
哈密万友汽车销售有限公司,新疆,新疆哈密市石油基地泽宇汽车城,0902-2370611,http://dealer.autohome.com.cn/79222,
伊犁海恒汽车销售服务有限公司,新疆,新疆伊宁市巴彦岱镇中亚汽车博览中心,0999-8888300,http://dealer.autohome.com.cn/2021474,
新疆巴州恒瑞汽车贸易有限公司,新疆,新疆库尔勒市石化大道74号小区神州汽车城B区长安轿车4S店 ,0996-2161299,http://dealer.autohome.com.cn/12398,
阿克苏地区亚中机电有限公司,新疆,新疆阿克苏市交通路25号金土地汽车城十号厅,0997-7777789,http://dealer.autohome.com.cn/2005139,
新疆西峰源实业开发有限公司,新疆,新疆昌吉汽车城雪佛兰斜对面,0994-2330022,http://dealer.autohome.com.cn/2027144,
西宁鑫亚商贸有限公司,青海,青海省西宁市开发区金畅路6号,0971-4320488,http://dealer.autohome.com.cn/124519,
新疆汇众远达汽车贸易有限公司,新疆,在新疆乌鲁木齐市鲤鱼山北路1号新疆赛博特国际汽车城C07-1-01, 0991-6635511 ,http://dealer.autohome.com.cn/12472,
阿克苏笑好名谊汽车销售服务有限公司,新疆,新疆阿克苏市大欣汽车城（阿温大道）,0997-6819155,http://dealer.autohome.com.cn/105505,
乌鲁木齐市天和汽贸有限公司,新疆,新疆乌鲁木齐市苏州东街58号阳光嘉园一号,0991-6865656,http://dealer.autohome.com.cn/10045,
伊犁志宏商贸有限责任公司,新疆,新疆伊宁市西城区城西市场（中亚汽车博览中心）,0999-8888296,http://dealer.autohome.com.cn/2021754,
巴州英俊商贸有限公司,新疆,新疆维吾尔自治区库尔勒神州汽车城C区2栋,0996-5991666,http://dealer.autohome.com.cn/2018226,
乌海市佳利汽车服务有限责任公司,内蒙古,内蒙古乌海市海勃湾区海达西街15号,0473-2023414,http://dealer.bitauto.com/100080719/index.html,
内蒙古信生源汽车贸易有限公司,内蒙古,内蒙古呼和浩特市回民区海拉尔西路金源港汽配城东2号,0471-3960688,http://dealer.bitauto.com/100106653/index.html,
呼伦贝尔市大鹏睿达汽车贸易有限公司,内蒙古,内蒙古呼伦贝尔市海伊公路东侧利丰汽车园南侧,0470-2382101,http://dealer.bitauto.com/100058358/index.html,
吉林市长吉汽车贸易有限责任公司,吉林,吉林市高新区深圳街与海口路交会,0432-63139939,http://dealer.bitauto.com/100021139/index.html,
本溪市金煜机电设备有限公司,辽宁,本溪市卧龙镇水洞路一号,024-44637666,http://dealer.bitauto.com/100058354/index.html,
牡丹江神宇汽车销售有限公司,黑龙江,黑龙江省牡丹江市阳明区铁岭镇八面通街幸福路东（亿丰国际汽贸城）,0453-6320505,http://dealer.bitauto.com/100104357/index.html,
长春市慧通汽车贸易有限公司,吉林,吉林省长春市绿园区正阳街3858号,0431-87677188,http://dealer.bitauto.com/100008548/index.html,
鞍山众翔汽车销售服务有限公司,辽宁,辽宁省鞍山市千山区建设大道592号,0412-8264555,http://dealer.bitauto.com/100036500/index.html,
青海利恒汽车贸易有限公司,青海,青海省西宁市南川工业园区同安路,0971-4913888,http://dealer.bitauto.com/100119972/index.html,
哈密市振华经贸有限公司,新疆,新疆哈密市北出口恒安物流园东门,0902-2514888 ,http://dealer.bitauto.com/100106389/index.html,
通辽市鑫宝汽车销售服务有限公司,内蒙古,内蒙古通辽市河西经济技术开发区瑞丰物流园区,0475-8880006,http://dealer.xcar.com.cn/96661/,
赤峰市合辉汽车贸易有限公司,内蒙古,内蒙古赤峰市红山区桥北镇物流园区车管所北行300米,0476-8876580,http://dealer.xcar.com.cn/96544/,
辽源市利亨汽车销售有限公司,吉林,辽源市龙山区大苇塘村,0437-3298000,http://dealer.xcar.com.cn/92986/,
鄂尔多斯市信德汽车销售服务有限公司,内蒙古,内蒙古自治区鄂尔多斯市东胜区铜川镇飞龙汽车城1号,,,
七台河市益豪汽车销售服务有限责任公司,黑龙江,七台河市桃山区大明街128号,0464-8882333,,
吉林省信邦汽车工业产品贸易有限公司,吉林,吉林省长春市汽车产业开发区长沈公路3699号,--,,
吉林省汇融汽车销售服务有限公司,吉林,吉林省四平市铁东区南一经街与紫气大路交汇处北行200米,--,,
大兴安岭兴安汽车销售服务有限公司,黑龙江,黑龙江省大兴安岭地区加格达奇区长虹街阿加公路北,0457-2166000,,
朝阳县汇丰汽车销售有限公司,辽宁,朝阳市柳城镇郭家村二组0050号,0421-7285888,,
奎屯华驰汽车销售服务有限公司,新疆,新疆奎屯市迎宾大道12号大华国际汽车城,0992-7288111 ,,
喀什众力汽车销售服务有限公司,新疆,新疆喀什市昆仑大道96号,,,
西藏汽车工业贸易有限责任公司,西藏,西藏拉萨市罗布林卡路21号,0891-6837380,,
